Scenario,Seed,Customers,Vehicles,Capacity,SimTime,Preset,Swarm,Iterations,QPSO_BestFit,QPSO_MeanFit,QPSO_Time_h,QPSO_Dist_km,QPSO_Compute_ms,QPSO_Feas_pct,PSO_BestFit,PSO_MeanFit,PSO_Time_h,PSO_Dist_km,PSO_Compute_ms,PSO_Feas_pct,GNN_BestFit,GNN_MeanFit,GNN_Time_h,GNN_Dist_km,GNN_Compute_ms,GNN_Feas_pct,QPSO_vs_PSO_FitImp_%,QPSO_vs_PSO_TimeImp_%,PSO_Winner,QPSO_vs_GNN_FitImp_%,QPSO_vs_GNN_TimeImp_%,GNN_Winner
1,84810,11,3,107.1,8.5,uniform,28,74,9.84,9.84,9.84,335.36,12.17,100.0,10.62,10.62,10.62,388.23,16.56,100.0,13.16,13.16,13.16,550.04,0.02,100.0,7.35,7.35,QPSO,25.27,25.27,QPSO
2,12395,19,7,71.6,8.5,uniform,41,78,16.16,16.16,16.16,671.03,28.91,100.0,16.81,16.81,16.81,711.64,38.36,100.0,19.88,19.88,19.88,872.62,0.0,100.0,3.84,3.84,QPSO,18.71,18.71,QPSO
3,4478,18,5,105.8,8.5,rush_hour,43,57,23.61,23.61,23.61,568.17,18.34,100.0,27.17,27.17,27.17,680.65,12.62,100.0,26.3,26.3,26.3,683.76,0.01,100.0,13.12,13.12,QPSO,10.24,10.24,QPSO
4,1851,12,4,87.0,8.5,rush_hour,28,45,17.3,17.3,17.3,398.04,11.41,100.0,17.3,17.3,17.3,398.04,9.66,100.0,20.0,20.0,20.0,446.86,0.0,100.0,-0.0,0.0,Tie,13.49,13.49,QPSO
5,50797,11,5,112.4,9.0,uniform,39,74,8.43,8.43,8.43,350.02,20.17,100.0,8.78,8.78,8.78,372.85,16.91,100.0,11.4,11.4,11.4,451.22,0.01,100.0,4.04,4.04,QPSO,26.08,26.08,QPSO
6,17361,16,5,97.6,17.5,uniform,27,42,13.3,13.3,13.3,588.8,11.15,100.0,14.86,14.86,14.86,607.9,8.39,100.0,18.27,18.27,18.27,725.53,0.02,100.0,10.45,10.45,QPSO,27.19,27.19,QPSO
7,87673,13,3,119.3,8.0,rush_hour,33,69,14.03,14.03,14.03,397.0,25.19,100.0,15.36,15.36,15.36,459.97,16.98,100.0,14.25,14.25,14.25,433.14,0.01,100.0,8.63,8.63,QPSO,1.51,1.51,QPSO
8,84320,15,5,88.5,18.0,rush_hour,45,44,12.24,12.24,12.24,535.12,21.89,100.0,13.89,13.89,13.89,568.63,15.88,100.0,15.63,15.63,15.63,649.41,0.01,100.0,11.92,11.92,QPSO,21.74,21.74,QPSO
9,80840,20,6,96.7,8.5,rush_hour,37,57,26.11,26.11,26.11,562.92,28.26,100.0,29.72,29.72,29.72,654.24,17.29,100.0,30.89,30.89,30.89,703.62,0.01,100.0,12.15,12.15,QPSO,15.48,15.48,QPSO
10,84886,18,5,104.2,8.5,uniform,35,65,13.37,13.37,13.37,503.68,37.97,100.0,15.58,15.58,15.58,587.37,21.32,100.0,17.21,17.21,17.21,634.24,0.02,100.0,14.2,14.2,QPSO,22.32,22.32,QPSO
11,36093,11,5,115.7,18.0,rush_hour,31,71,10.47,10.47,10.47,456.99,40.72,100.0,10.19,10.19,10.19,452.77,29.68,100.0,15.42,15.42,15.42,596.22,0.01,100.0,-2.78,-2.78,Classical PSO,32.07,32.07,QPSO
12,52856,20,7,77.1,8.5,incident,42,74,20.18,20.18,20.18,881.07,43.0,100.0,20.42,20.42,20.42,811.97,33.66,100.0,23.96,23.96,23.96,1042.42,0.01,100.0,1.16,1.16,QPSO,15.76,15.76,QPSO
13,35438,19,5,114.9,9.0,uniform,29,72,16.77,16.77,16.77,698.25,42.36,100.0,18.21,18.21,18.21,761.53,33.32,100.0,19.92,19.92,19.92,819.18,0.01,100.0,7.94,7.94,QPSO,15.85,15.85,QPSO
14,65686,11,3,113.1,18.0,uniform,38,78,11.43,11.43,11.43,461.38,28.01,100.0,12.25,12.25,12.25,485.94,24.93,100.0,14.43,14.43,14.43,585.56,0.0,100.0,6.67,6.67,QPSO,20.76,20.76,QPSO
15,9326,16,5,99.8,17.5,rush_hour,42,40,12.86,12.86,12.86,533.11,18.78,100.0,13.82,13.82,13.82,600.23,11.35,100.0,16.63,16.63,16.63,737.67,0.02,100.0,6.98,6.98,QPSO,22.69,22.69,QPSO
16,90166,11,4,108.4,8.0,rush_hour,38,50,13.99,13.99,13.99,355.0,18.91,100.0,13.99,13.99,13.99,355.0,12.07,100.0,16.69,16.69,16.69,420.38,0.0,100.0,-0.0,-0.0,Tie,16.21,16.21,QPSO
17,60470,10,3,118.6,17.5,uniform,45,59,7.67,7.67,7.67,359.4,25.19,100.0,7.58,7.58,7.58,335.65,17.18,100.0,11.95,11.95,11.95,612.92,0.0,100.0,-1.28,-1.28,Classical PSO,35.81,35.81,QPSO
18,84748,18,6,77.6,17.5,incident,25,78,17.36,17.36,17.36,750.54,36.42,100.0,20.77,20.77,20.77,851.45,22.63,100.0,22.93,22.93,22.93,849.29,0.02,100.0,16.44,16.44,QPSO,24.3,24.3,QPSO
19,43487,17,6,75.6,9.0,uniform,26,55,15.18,15.18,15.18,666.16,21.51,100.0,16.79,16.79,16.79,662.49,16.74,100.0,18.44,18.44,18.44,823.5,0.01,100.0,9.59,9.59,QPSO,17.68,17.68,QPSO
20,75364,11,3,106.6,17.5,uniform,29,70,10.47,10.47,10.47,393.57,29.36,100.0,9.91,9.91,9.91,382.98,19.26,100.0,13.38,13.38,13.38,473.68,0.0,100.0,-5.68,-5.68,Classical PSO,21.75,21.75,QPSO
21,73063,12,5,96.4,8.5,incident,31,59,9.91,9.91,9.91,413.25,16.83,100.0,9.66,9.66,9.66,398.42,20.65,100.0,14.18,14.18,14.18,607.93,0.01,100.0,-2.64,-2.64,Classical PSO,30.1,30.1,QPSO
22,53296,20,6,91.9,8.0,uniform,32,44,16.19,16.19,16.19,636.46,13.65,100.0,19.8,19.8,19.8,802.9,10.99,100.0,17.46,17.46,17.46,735.92,0.01,100.0,18.22,18.22,QPSO,7.24,7.24,QPSO
23,45313,10,3,99.4,8.0,incident,45,43,8.76,8.76,8.76,331.3,12.3,100.0,8.76,8.76,8.76,331.3,8.66,100.0,11.56,11.56,11.56,449.08,0.01,100.0,-0.0,0.0,Tie,24.22,24.22,QPSO
24,31007,11,3,113.0,17.5,uniform,33,71,7.46,7.46,7.46,317.83,18.46,100.0,7.28,7.28,7.28,293.63,13.96,100.0,9.06,9.06,9.06,383.55,0.0,100.0,-2.53,-2.53,Classical PSO,17.68,17.68,QPSO
25,29080,18,5,106.2,8.5,rush_hour,38,52,24.45,24.45,24.45,569.36,17.64,100.0,26.67,26.67,26.67,644.75,11.35,100.0,25.85,25.85,25.85,611.83,0.01,100.0,8.32,8.32,QPSO,5.39,5.39,QPSO
26,13363,11,5,87.7,13.0,incident,26,46,11.29,11.29,11.29,470.38,13.12,100.0,11.71,11.71,11.71,473.8,8.79,100.0,12.85,12.85,12.85,555.5,0.01,100.0,3.58,3.58,QPSO,12.11,12.11,QPSO
27,8944,16,4,110.0,8.5,uniform,31,74,11.9,11.9,11.9,520.8,35.34,100.0,13.97,13.97,13.97,592.77,23.36,100.0,13.6,13.6,13.6,590.0,0.01,100.0,14.79,14.79,QPSO,12.45,12.45,QPSO
28,59800,12,5,79.2,8.5,uniform,39,75,9.78,9.78,9.78,407.38,29.41,100.0,9.46,9.46,9.46,372.07,20.83,100.0,15.86,15.86,15.86,616.69,0.0,100.0,-3.34,-3.34,Classical PSO,38.35,38.35,QPSO
29,13833,10,3,118.4,8.5,rush_hour,40,70,13.37,13.37,13.37,351.24,25.99,100.0,16.31,16.31,16.31,435.21,24.07,100.0,16.04,16.04,16.04,485.42,0.04,100.0,17.99,17.99,QPSO,16.61,16.61,QPSO
30,29016,16,6,78.2,13.0,rush_hour,39,58,12.71,12.71,12.71,599.78,31.2,100.0,13.82,13.82,13.82,693.81,25.49,100.0,13.03,13.03,13.03,660.22,0.01,100.0,8.08,8.08,QPSO,2.45,2.45,QPSO
31,56444,18,6,77.7,8.5,uniform,43,74,19.9,19.9,19.9,729.03,44.99,100.0,19.95,19.95,19.95,734.52,40.55,100.0,24.54,24.54,24.54,945.95,0.01,100.0,0.24,0.24,QPSO,18.9,18.9,QPSO
32,8989,15,6,72.5,17.5,incident,30,43,13.95,13.95,13.95,574.64,18.93,100.0,14.02,14.02,14.02,579.79,11.53,100.0,17.4,17.4,17.4,734.53,0.02,100.0,0.52,0.52,QPSO,19.81,19.81,QPSO
33,67562,11,4,73.4,18.0,uniform,37,47,9.71,9.71,9.71,386.86,29.73,100.0,9.71,9.71,9.71,403.21,12.95,100.0,10.87,10.87,10.87,444.04,0.06,100.0,0.02,0.02,QPSO,10.66,10.66,QPSO
34,75668,13,5,101.0,18.0,incident,43,73,10.56,10.56,10.56,381.45,33.75,100.0,11.18,11.18,11.18,387.2,25.08,100.0,15.15,15.15,15.15,535.4,0.0,100.0,5.58,5.58,QPSO,30.34,30.34,QPSO
35,42467,14,5,103.5,8.5,rush_hour,37,48,18.44,18.44,18.44,469.73,18.72,100.0,18.65,18.65,18.65,482.93,14.46,100.0,18.91,18.91,18.91,476.35,0.0,100.0,1.08,1.08,QPSO,2.48,2.48,QPSO
36,89039,20,6,92.9,8.0,rush_hour,44,76,29.26,29.26,29.26,838.05,48.59,100.0,31.0,31.0,31.0,949.34,26.17,100.0,33.12,33.12,33.12,938.18,0.01,100.0,5.61,5.61,QPSO,11.65,11.65,QPSO
37,14104,11,3,95.3,9.0,uniform,32,63,12.1,12.1,12.1,461.68,24.36,100.0,12.38,12.38,12.38,488.41,17.65,100.0,37431.19,37431.19,14.17,515.47,0.01,0.0,2.26,2.26,QPSO,99.97,14.57,QPSO
38,38353,12,5,111.7,9.0,incident,45,73,10.75,10.75,10.75,427.39,31.27,100.0,11.56,11.56,11.56,461.65,20.15,100.0,12.56,12.56,12.56,490.26,0.0,100.0,7.03,7.03,QPSO,14.45,14.45,QPSO
39,2025,20,5,116.6,8.5,rush_hour,28,46,22.66,22.66,22.66,662.17,25.51,100.0,29.27,29.27,29.27,718.53,13.89,100.0,26.03,26.03,26.03,736.03,0.01,100.0,22.58,22.58,QPSO,12.93,12.93,QPSO
40,98310,18,6,83.6,18.0,rush_hour,31,80,11.53,11.53,11.53,534.39,42.54,100.0,12.69,12.69,12.69,565.3,26.82,100.0,14.95,14.95,14.95,683.43,0.01,100.0,9.16,9.16,QPSO,22.9,22.9,QPSO
41,35600,18,6,82.6,8.0,incident,38,57,15.19,15.19,15.19,706.86,15.48,100.0,15.19,15.19,15.19,707.03,15.36,100.0,18.79,18.79,18.79,828.77,0.01,100.0,0.05,0.05,QPSO,19.17,19.17,QPSO
42,6778,10,5,108.6,9.0,uniform,39,75,9.19,9.19,9.19,378.24,16.08,100.0,9.63,9.63,9.63,409.94,14.14,100.0,12.58,12.58,12.58,545.87,0.01,100.0,4.53,4.53,QPSO,26.91,26.91,QPSO
43,93493,16,6,75.6,17.5,uniform,36,77,15.81,15.81,15.81,590.0,20.75,100.0,17.19,17.19,17.19,607.32,15.01,100.0,18.09,18.09,18.09,721.36,0.01,100.0,7.98,7.98,QPSO,12.58,12.58,QPSO
44,73420,12,5,76.4,9.0,uniform,36,53,11.11,11.11,11.11,504.25,14.69,100.0,11.11,11.11,11.11,504.25,10.06,100.0,13.68,13.68,13.68,609.43,0.01,100.0,0.0,0.0,Tie,18.82,18.82,QPSO
45,90399,13,5,87.7,17.5,incident,29,55,12.5,12.5,12.5,469.5,12.46,100.0,12.34,12.34,12.34,468.99,9.86,100.0,15.78,15.78,15.78,582.57,0.0,100.0,-1.33,-1.33,Classical PSO,20.78,20.78,QPSO
46,22299,12,5,71.2,13.0,incident,32,57,10.39,10.39,10.39,414.92,14.88,100.0,10.85,10.85,10.85,425.36,12.35,100.0,11.7,11.7,11.7,474.88,0.01,100.0,4.25,4.25,QPSO,11.2,11.2,QPSO
47,21866,11,4,113.6,8.5,uniform,39,62,7.72,7.72,7.72,321.77,24.13,100.0,7.72,7.72,7.72,321.77,19.26,100.0,10.36,10.36,10.36,447.86,0.0,100.0,0.0,0.0,Tie,25.52,25.52,QPSO
48,41001,13,5,71.2,13.0,rush_hour,33,44,14.26,14.26,14.26,547.07,15.66,100.0,14.6,14.6,14.6,563.73,9.9,100.0,17.93,17.93,17.93,720.91,0.01,100.0,2.36,2.36,QPSO,20.47,20.47,QPSO
49,37585,15,5,104.0,8.0,uniform,33,51,12.46,12.46,12.46,473.21,19.53,100.0,14.12,14.12,14.12,598.67,10.75,100.0,17.7,17.7,17.7,698.61,0.01,100.0,11.74,11.74,QPSO,29.6,29.6,QPSO
50,77099,14,5,75.4,9.0,incident,35,67,12.55,12.55,12.55,591.05,26.5,100.0,12.66,12.66,12.66,542.41,14.19,100.0,16.09,16.09,16.09,712.24,0.01,100.0,0.85,0.85,QPSO,21.99,21.99,QPSO
51,80457,18,6,89.3,9.0,uniform,38,40,18.69,18.69,18.69,792.62,19.27,100.0,18.18,18.18,18.18,713.64,10.24,100.0,22.39,22.39,22.39,929.93,0.01,100.0,-2.82,-2.82,Classical PSO,16.55,16.55,QPSO
52,69146,18,6,88.2,18.0,rush_hour,44,60,14.56,14.56,14.56,596.94,30.25,100.0,15.83,15.83,15.83,673.44,19.53,100.0,15.97,15.97,15.97,623.84,0.01,100.0,8.05,8.05,QPSO,8.82,8.82,QPSO
53,87951,11,5,95.4,13.0,rush_hour,37,58,12.13,12.13,12.13,549.67,20.76,100.0,11.99,11.99,11.99,541.16,16.93,100.0,16.95,16.95,16.95,743.32,0.0,100.0,-1.18,-1.18,Classical PSO,28.41,28.41,QPSO
54,73667,12,5,91.0,18.0,incident,30,79,11.76,11.76,11.76,444.93,25.42,100.0,12.7,12.7,12.7,473.22,19.13,100.0,13.08,13.08,13.08,557.45,0.0,100.0,7.43,7.43,QPSO,10.12,10.12,QPSO
55,75593,14,4,97.4,9.0,rush_hour,31,67,18.55,18.55,18.55,473.14,26.9,100.0,17.1,17.1,17.1,437.54,18.74,100.0,21.75,21.75,21.75,616.09,0.01,100.0,-8.48,-8.48,Classical PSO,14.73,14.73,QPSO
56,77019,19,6,93.2,18.0,uniform,41,70,14.48,14.48,14.48,605.62,36.67,100.0,15.83,15.83,15.83,692.9,19.32,100.0,19.03,19.03,19.03,828.55,0.01,100.0,8.52,8.52,QPSO,23.94,23.94,QPSO
57,97463,12,5,84.2,8.0,uniform,34,54,9.98,9.98,9.98,387.11,19.13,100.0,9.72,9.72,9.72,388.77,11.37,100.0,13.82,13.82,13.82,552.19,0.0,100.0,-2.62,-2.62,Classical PSO,27.79,27.79,QPSO
58,27100,12,5,72.3,17.5,uniform,39,66,12.73,12.73,12.73,534.54,22.13,100.0,12.73,12.73,12.73,534.54,18.37,100.0,15.83,15.83,15.83,693.26,0.01,100.0,-0.0,0.0,Tie,19.55,19.55,QPSO
59,83544,19,5,105.9,13.0,rush_hour,32,49,14.05,14.05,14.05,604.91,20.97,100.0,15.03,15.03,15.03,647.6,12.05,100.0,17.38,17.38,17.38,697.17,0.01,100.0,6.56,6.56,QPSO,19.18,19.18,QPSO
60,86990,10,3,108.9,8.5,incident,41,69,9.26,9.26,9.26,360.62,27.14,100.0,11.3,11.3,11.3,487.13,24.0,100.0,12.37,12.37,12.37,466.13,0.0,100.0,18.07,18.07,QPSO,25.17,25.17,QPSO
61,7582,18,4,115.9,13.0,uniform,39,73,15.27,15.27,15.27,650.88,24.33,100.0,15.95,15.95,15.95,648.88,21.58,100.0,20.17,20.17,20.17,870.73,0.01,100.0,4.26,4.26,QPSO,24.3,24.3,QPSO
62,74259,19,5,117.5,17.5,incident,41,67,15.98,15.98,15.98,568.78,29.73,100.0,18.84,18.84,18.84,718.77,14.57,100.0,20.92,20.92,20.92,791.46,0.01,100.0,15.19,15.19,QPSO,23.6,23.6,QPSO
63,72810,17,5,107.2,13.0,rush_hour,32,80,10.67,10.67,10.67,484.47,34.9,100.0,10.67,10.67,10.67,484.47,25.63,100.0,14.95,14.95,14.95,651.15,0.01,100.0,-0.0,-0.0,Tie,28.65,28.65,QPSO
64,37347,18,5,101.3,13.0,uniform,34,55,15.67,15.67,15.67,611.17,30.02,100.0,15.41,15.41,15.41,606.48,20.32,100.0,18.68,18.68,18.68,726.86,0.01,100.0,-1.68,-1.68,Classical PSO,16.11,16.11,QPSO
65,36614,15,4,114.7,8.5,uniform,32,64,11.09,11.09,11.09,435.45,32.95,100.0,11.05,11.05,11.05,426.57,20.78,100.0,14.66,14.66,14.66,570.7,0.01,100.0,-0.37,-0.37,Classical PSO,24.35,24.35,QPSO
66,91957,12,5,73.2,9.0,incident,39,66,15.02,15.02,15.02,506.99,31.73,100.0,15.13,15.13,15.13,510.81,32.48,100.0,22.43,22.43,22.43,884.02,0.0,100.0,0.71,0.71,QPSO,33.03,33.03,QPSO
67,9161,13,4,89.5,17.5,rush_hour,40,40,10.58,10.58,10.58,438.49,19.19,100.0,12.1,12.1,12.1,524.52,18.53,100.0,11.17,11.17,11.17,455.09,0.01,100.0,12.55,12.55,QPSO,5.24,5.24,QPSO
68,47105,14,5,112.7,17.5,incident,42,78,13.0,13.0,13.0,482.1,35.81,100.0,14.16,14.16,14.16,558.99,23.97,100.0,16.77,16.77,16.77,617.44,0.01,100.0,8.16,8.16,QPSO,22.48,22.48,QPSO
69,29906,17,6,83.6,8.0,rush_hour,35,65,21.92,21.92,21.92,656.91,35.2,100.0,22.63,22.63,22.63,723.65,30.66,100.0,25.08,25.08,25.08,781.94,0.01,100.0,3.13,3.13,QPSO,12.61,12.61,QPSO
70,95919,12,5,116.0,17.5,uniform,37,77,10.36,10.36,10.36,478.36,34.51,100.0,10.15,10.15,10.15,412.3,19.99,100.0,13.49,13.49,13.49,544.01,0.01,100.0,-2.09,-2.09,Classical PSO,23.15,23.15,QPSO
71,74975,20,7,74.2,8.5,rush_hour,30,43,27.1,27.1,27.1,680.64,21.82,100.0,27.72,27.72,27.72,685.64,11.01,100.0,31.91,31.91,31.91,754.64,0.01,100.0,2.2,2.2,QPSO,15.07,15.07,QPSO
72,35099,16,5,80.6,9.0,rush_hour,33,66,30.04,30.04,30.04,696.55,36.32,100.0,31.57,31.57,31.57,739.43,21.02,100.0,93667.29,93667.29,28.82,690.66,0.01,0.0,4.85,4.85,QPSO,99.97,-4.21,QPSO
73,34065,11,4,71.0,9.0,uniform,45,44,12.24,12.24,12.24,426.03,17.39,100.0,12.84,12.84,12.84,445.88,13.19,100.0,14.47,14.47,14.47,503.05,0.0,100.0,4.66,4.66,QPSO,15.36,15.36,QPSO
74,86426,10,3,117.5,8.0,incident,29,55,8.32,8.32,8.32,291.79,20.72,100.0,8.7,8.7,8.7,319.57,15.42,100.0,9.58,9.58,9.58,377.17,0.0,100.0,4.33,4.33,QPSO,13.18,13.18,QPSO
75,17544,17,5,98.2,13.0,incident,33,63,12.59,12.59,12.59,498.21,27.09,100.0,14.21,14.21,14.21,563.51,19.87,100.0,19.34,19.34,19.34,829.83,0.01,100.0,11.4,11.4,QPSO,34.91,34.91,QPSO
76,22992,19,5,108.9,9.0,uniform,43,41,15.92,15.92,15.92,624.28,27.51,100.0,19.3,19.3,19.3,780.11,11.88,100.0,17.37,17.37,17.37,654.23,0.01,100.0,17.51,17.51,QPSO,8.34,8.34,QPSO
77,41888,19,6,89.8,8.0,incident,45,55,16.44,16.44,16.44,734.06,30.19,100.0,17.58,17.58,17.58,789.55,17.59,100.0,22.47,22.47,22.47,949.62,0.01,100.0,6.48,6.48,QPSO,26.82,26.82,QPSO
78,14356,14,4,109.8,9.0,incident,38,63,9.56,9.56,9.56,360.05,27.36,100.0,11.05,11.05,11.05,420.13,23.93,100.0,13.04,13.04,13.04,538.19,0.01,100.0,13.43,13.43,QPSO,26.65,26.65,QPSO
79,10038,18,7,70.6,13.0,uniform,38,63,15.79,15.79,15.79,711.39,69.19,100.0,16.58,16.58,16.58,756.07,88.77,100.0,18.66,18.66,18.66,816.19,0.01,100.0,4.76,4.76,QPSO,15.39,15.39,QPSO
80,84307,17,5,91.8,17.5,incident,40,69,11.66,11.66,11.66,439.19,79.21,100.0,14.36,14.36,14.36,578.06,58.9,100.0,16.29,16.29,16.29,611.73,0.01,100.0,18.82,18.82,QPSO,28.44,28.44,QPSO
81,58091,19,6,86.1,8.0,rush_hour,39,55,28.68,28.68,28.68,706.03,20.09,100.0,26.64,26.64,26.64,669.53,16.52,100.0,32.92,32.92,32.92,803.44,0.01,100.0,-7.67,-7.67,Classical PSO,12.88,12.88,QPSO
82,99366,17,5,86.8,9.0,uniform,40,53,17.15,17.15,17.15,661.27,23.97,100.0,17.98,17.98,17.98,725.23,16.87,100.0,22.48,22.48,22.48,884.72,0.03,100.0,4.61,4.61,QPSO,23.72,23.72,QPSO
83,47507,14,5,84.0,17.5,uniform,41,52,13.14,13.14,13.14,514.27,18.55,100.0,13.07,13.07,13.07,549.07,12.97,100.0,18.13,18.13,18.13,709.23,0.01,100.0,-0.52,-0.52,Classical PSO,27.52,27.52,QPSO
84,12221,13,4,94.4,18.0,rush_hour,45,71,11.84,11.84,11.84,537.1,30.2,100.0,13.38,13.38,13.38,608.37,20.01,100.0,15.48,15.48,15.48,757.45,0.01,100.0,11.54,11.54,QPSO,23.5,23.5,QPSO
85,59743,10,4,84.7,18.0,uniform,34,77,9.25,9.25,9.25,323.45,26.21,100.0,9.25,9.25,9.25,323.45,20.44,100.0,13.11,13.11,13.11,454.03,0.01,100.0,0.0,0.0,Tie,29.45,29.45,QPSO
86,49368,17,5,91.3,9.0,incident,39,57,13.82,13.82,13.82,643.14,24.45,100.0,16.64,16.64,16.64,748.04,16.97,100.0,16.11,16.11,16.11,699.31,0.01,100.0,16.92,16.92,QPSO,14.22,14.22,QPSO
87,41189,14,5,76.0,9.0,uniform,42,51,15.01,15.01,15.01,564.8,21.21,100.0,15.78,15.78,15.78,604.13,15.91,100.0,15.46,15.46,15.46,590.02,0.01,100.0,4.9,4.9,QPSO,2.92,2.92,QPSO
88,26105,13,5,83.8,8.0,uniform,34,54,12.55,12.55,12.55,504.68,22.99,100.0,11.03,11.03,11.03,438.84,15.99,100.0,14.15,14.15,14.15,567.53,0.0,100.0,-13.75,-13.75,Classical PSO,11.34,11.34,QPSO
89,48301,12,5,70.7,9.0,uniform,26,75,12.86,12.86,12.86,543.59,26.59,100.0,13.32,13.32,13.32,571.65,17.84,100.0,16.75,16.75,16.75,702.62,0.0,100.0,3.4,3.4,QPSO,23.19,23.19,QPSO
90,39290,12,4,75.1,17.5,rush_hour,40,70,10.35,10.35,10.35,412.28,28.74,100.0,10.35,10.35,10.35,412.28,20.46,100.0,15.08,15.08,15.08,615.17,0.06,100.0,0.0,-0.0,Tie,31.36,31.36,QPSO
91,58733,15,5,118.3,13.0,uniform,27,65,13.17,13.17,13.17,555.01,25.48,100.0,13.0,13.0,13.0,559.39,16.89,100.0,15.39,15.39,15.39,701.47,0.01,100.0,-1.32,-1.32,Classical PSO,14.43,14.43,QPSO
92,65454,11,5,77.6,8.0,uniform,28,75,12.08,12.08,12.08,471.7,25.23,100.0,13.14,13.14,13.14,561.72,17.45,100.0,13.54,13.54,13.54,589.51,0.01,100.0,8.07,8.07,QPSO,10.8,10.8,QPSO
93,55548,19,5,108.8,13.0,rush_hour,34,77,16.27,16.27,16.27,655.7,33.49,100.0,16.89,16.89,16.89,750.76,19.61,100.0,19.46,19.46,19.46,812.09,0.01,100.0,3.64,3.64,QPSO,16.37,16.37,QPSO
94,57207,14,4,100.5,8.5,incident,31,56,13.71,13.71,13.71,635.31,21.91,100.0,16.23,16.23,16.23,686.48,16.37,100.0,15.17,15.17,15.17,697.89,0.01,100.0,15.5,15.5,QPSO,9.6,9.6,QPSO
95,87563,11,4,82.0,8.5,uniform,38,68,10.1,10.1,10.1,390.95,23.88,100.0,10.1,10.1,10.1,390.95,16.14,100.0,14.99,14.99,14.99,623.52,0.0,100.0,-0.0,0.0,Tie,32.58,32.58,QPSO
96,91357,19,6,84.6,9.0,incident,34,69,18.0,18.0,18.0,821.48,34.39,100.0,19.78,19.78,19.78,880.35,22.96,100.0,21.89,21.89,21.89,941.31,0.01,100.0,8.97,8.97,QPSO,17.75,17.75,QPSO
97,10329,20,5,116.2,13.0,uniform,42,54,15.62,15.62,15.62,557.64,29.17,100.0,17.22,17.22,17.22,668.57,17.88,100.0,19.35,19.35,19.35,755.0,0.01,100.0,9.28,9.28,QPSO,19.26,19.26,QPSO
98,85886,12,3,111.3,8.0,uniform,34,78,9.7,9.7,9.7,392.17,28.7,100.0,10.01,10.01,10.01,423.18,20.09,100.0,12.29,12.29,12.29,497.85,0.01,100.0,3.14,3.14,QPSO,21.06,21.06,QPSO
99,99167,19,6,92.0,18.0,rush_hour,37,57,15.39,15.39,15.39,642.46,26.58,100.0,16.31,16.31,16.31,703.11,13.04,100.0,20.47,20.47,20.47,829.48,0.01,100.0,5.66,5.66,QPSO,24.84,24.84,QPSO
100,66597,18,5,91.9,13.0,incident,35,78,16.66,16.66,16.66,662.95,35.49,100.0,16.85,16.85,16.85,724.15,20.29,100.0,18.87,18.87,18.87,784.05,0.09,100.0,1.13,1.13,QPSO,11.7,11.7,QPSO
101,33816,10,4,81.4,18.0,rush_hour,43,42,10.99,10.99,10.99,453.51,19.55,100.0,10.99,10.99,10.99,453.51,17.9,100.0,12.39,12.39,12.39,514.41,0.02,100.0,0.0,0.0,Tie,11.3,11.3,QPSO
102,23962,17,4,115.8,17.5,rush_hour,45,71,12.44,12.44,12.44,572.14,34.89,100.0,14.93,14.93,14.93,689.91,20.81,100.0,20.12,20.12,20.12,937.22,0.01,100.0,16.65,16.65,QPSO,38.14,38.14,QPSO
103,12959,17,5,90.4,18.0,uniform,30,61,14.43,14.43,14.43,649.18,34.78,100.0,15.18,15.18,15.18,612.64,18.79,100.0,19.26,19.26,19.26,842.65,0.01,100.0,4.93,4.93,QPSO,25.06,25.06,QPSO
104,54955,17,5,103.1,17.5,uniform,39,45,13.45,13.45,13.45,586.94,24.39,100.0,14.74,14.74,14.74,666.08,20.54,100.0,17.57,17.57,17.57,764.65,0.01,100.0,8.72,8.72,QPSO,23.44,23.44,QPSO
105,42224,14,5,75.8,17.5,uniform,42,69,16.51,16.51,16.51,608.45,40.84,100.0,15.97,15.97,15.97,615.54,39.31,100.0,19.03,19.03,19.03,685.86,0.01,100.0,-3.36,-3.36,Classical PSO,13.28,13.28,QPSO
106,55165,10,5,95.9,13.0,incident,39,43,11.31,11.31,11.31,438.67,20.6,100.0,11.49,11.49,11.49,466.87,17.59,100.0,14.52,14.52,14.52,557.49,0.01,100.0,1.61,1.61,QPSO,22.14,22.14,QPSO
107,27680,14,5,116.4,18.0,rush_hour,28,41,9.05,9.05,9.05,335.38,18.69,100.0,10.54,10.54,10.54,385.45,12.66,100.0,11.73,11.73,11.73,471.53,0.01,100.0,14.11,14.11,QPSO,22.81,22.81,QPSO
108,83578,19,5,105.5,17.5,uniform,42,66,15.42,15.42,15.42,633.95,38.81,100.0,16.61,16.61,16.61,692.6,23.85,100.0,19.84,19.84,19.84,851.35,0.06,100.0,7.16,7.16,QPSO,22.26,22.26,QPSO
109,13217,13,4,93.1,18.0,uniform,40,58,9.64,9.64,9.64,389.94,25.81,100.0,10.4,10.4,10.4,411.61,19.8,100.0,12.55,12.55,12.55,484.43,0.01,100.0,7.33,7.33,QPSO,23.17,23.17,QPSO
110,67698,14,5,111.7,8.5,rush_hour,42,49,18.91,18.91,18.91,465.66,21.71,100.0,21.08,21.08,21.08,599.63,13.65,100.0,21.75,21.75,21.75,546.48,0.01,100.0,10.29,10.29,QPSO,13.03,13.03,QPSO
111,51277,13,4,113.2,13.0,rush_hour,41,57,10.71,10.71,10.71,407.18,23.96,100.0,12.16,12.16,12.16,502.24,17.1,100.0,14.52,14.52,14.52,514.74,0.01,100.0,11.92,11.92,QPSO,26.21,26.21,QPSO
112,1336,14,5,111.9,8.5,rush_hour,42,70,17.8,17.8,17.8,420.18,32.9,100.0,18.42,18.42,18.42,422.43,22.84,100.0,20.43,20.43,20.43,450.74,0.01,100.0,3.35,3.35,QPSO,12.86,12.86,QPSO
113,46236,15,5,92.8,8.5,incident,32,76,11.54,11.54,11.54,491.13,31.81,100.0,11.45,11.45,11.45,487.42,22.39,100.0,12.94,12.94,12.94,518.93,0.01,100.0,-0.85,-0.85,Classical PSO,10.8,10.8,QPSO
114,51196,13,5,72.2,18.0,rush_hour,37,49,13.24,13.24,13.24,602.71,20.86,100.0,13.66,13.66,13.66,639.27,13.02,100.0,14.05,14.05,14.05,653.17,0.01,100.0,3.1,3.1,QPSO,5.83,5.83,QPSO
115,65923,10,5,95.1,9.0,uniform,39,46,8.43,8.43,8.43,285.06,20.76,100.0,8.26,8.26,8.26,252.04,13.64,100.0,10.36,10.36,10.36,384.9,0.0,100.0,-2.09,-2.09,Classical PSO,18.65,18.65,QPSO
116,69937,17,5,106.1,18.0,uniform,27,70,14.29,14.29,14.29,600.78,30.75,100.0,15.59,15.59,15.59,639.83,23.27,100.0,17.59,17.59,17.59,794.55,0.01,100.0,8.33,8.33,QPSO,18.74,18.74,QPSO
117,35737,15,5,102.5,18.0,incident,37,60,12.47,12.47,12.47,587.48,31.97,100.0,13.78,13.78,13.78,610.1,18.11,100.0,15.85,15.85,15.85,699.86,0.01,100.0,9.49,9.49,QPSO,21.35,21.35,QPSO
118,83155,17,5,100.9,18.0,incident,34,54,14.67,14.67,14.67,586.73,89.63,100.0,15.19,15.19,15.19,581.35,30.62,100.0,19.12,19.12,19.12,758.49,0.01,100.0,3.42,3.42,QPSO,23.31,23.31,QPSO
119,98880,11,5,118.9,18.0,uniform,39,50,9.26,9.26,9.26,392.81,51.29,100.0,9.11,9.11,9.11,380.79,36.08,100.0,12.62,12.62,12.62,510.14,0.01,100.0,-1.65,-1.65,Classical PSO,26.58,26.58,QPSO
120,91964,14,5,72.3,9.0,rush_hour,36,67,18.54,18.54,18.54,553.1,96.21,100.0,19.27,19.27,19.27,591.45,54.67,100.0,22.39,22.39,22.39,625.47,0.01,100.0,3.81,3.81,QPSO,17.22,17.22,QPSO
121,20080,13,4,98.3,8.5,uniform,27,79,12.66,12.66,12.66,513.45,30.55,100.0,13.47,13.47,13.47,549.05,30.41,100.0,14.39,14.39,14.39,552.68,0.02,100.0,6.05,6.05,QPSO,12.03,12.03,QPSO
122,51140,19,6,94.9,8.5,rush_hour,45,56,25.89,25.89,25.89,699.44,37.04,100.0,31.23,31.23,31.23,877.12,18.76,100.0,37.37,37.37,37.37,1026.29,0.01,100.0,17.09,17.09,QPSO,30.7,30.7,QPSO
123,61236,14,5,114.9,9.0,incident,42,50,10.23,10.23,10.23,407.23,25.47,100.0,10.78,10.78,10.78,428.14,22.05,100.0,12.1,12.1,12.1,484.16,0.01,100.0,5.08,5.08,QPSO,15.42,15.42,QPSO
124,10681,17,5,119.4,18.0,rush_hour,33,69,11.81,11.81,11.81,538.52,38.67,100.0,9.95,9.95,9.95,432.17,38.45,100.0,16.62,16.62,16.62,731.11,0.01,100.0,-18.69,-18.69,Classical PSO,28.94,28.94,QPSO
125,40599,13,3,112.7,8.5,rush_hour,43,62,16.3,16.3,16.3,385.36,29.0,100.0,18.57,18.57,18.57,437.62,26.78,100.0,24.76,24.76,24.76,583.55,0.01,100.0,12.19,12.19,QPSO,34.15,34.15,QPSO
126,76341,14,5,71.1,9.0,uniform,43,43,15.8,15.8,15.8,597.39,20.57,100.0,16.88,16.88,16.88,620.43,14.88,100.0,17.44,17.44,17.44,626.11,0.01,100.0,6.36,6.36,QPSO,9.38,9.38,QPSO
127,80482,17,4,108.8,17.5,rush_hour,32,80,12.77,12.77,12.77,588.24,41.21,100.0,13.62,13.62,13.62,593.86,31.12,100.0,16.86,16.86,16.86,779.1,0.01,100.0,6.19,6.19,QPSO,24.26,24.26,QPSO
128,25920,19,5,103.9,18.0,uniform,45,42,14.0,14.0,14.0,593.01,26.81,100.0,16.52,16.52,16.52,694.62,13.99,100.0,18.4,18.4,18.4,770.3,0.01,100.0,15.22,15.22,QPSO,23.91,23.91,QPSO
129,41492,17,5,99.0,8.0,rush_hour,35,66,19.41,19.41,19.41,542.86,31.5,100.0,23.77,23.77,23.77,667.89,20.49,100.0,20.51,20.51,20.51,586.74,0.0,100.0,18.35,18.35,QPSO,5.37,5.37,QPSO
130,24021,13,4,109.3,17.5,incident,33,50,9.33,9.33,9.33,402.63,21.66,100.0,11.94,11.94,11.94,473.42,15.19,100.0,9.61,9.61,9.61,410.93,0.0,100.0,21.82,21.82,QPSO,2.89,2.89,QPSO
131,34681,17,5,107.3,8.0,rush_hour,27,49,20.77,20.77,20.77,604.02,23.54,100.0,22.32,22.32,22.32,640.57,14.8,100.0,24.18,24.18,24.18,746.12,0.03,100.0,6.96,6.96,QPSO,14.12,14.12,QPSO
132,99848,13,5,118.4,9.0,uniform,37,40,11.32,11.32,11.32,425.88,18.74,100.0,12.48,12.48,12.48,464.51,11.44,100.0,14.76,14.76,14.76,592.83,0.01,100.0,9.27,9.27,QPSO,23.27,23.27,QPSO
133,35663,18,5,92.7,17.5,rush_hour,45,63,14.85,14.85,14.85,605.66,35.51,100.0,13.66,13.66,13.66,602.05,22.94,100.0,18.97,18.97,18.97,843.36,0.04,100.0,-8.68,-8.68,Classical PSO,21.73,21.73,QPSO
134,15201,20,6,93.6,17.5,uniform,45,44,16.76,16.76,16.76,671.93,26.99,100.0,17.79,17.79,17.79,738.91,15.96,100.0,20.45,20.45,20.45,852.66,0.01,100.0,5.79,5.79,QPSO,18.04,18.04,QPSO
135,84283,17,5,102.5,8.5,uniform,26,59,13.18,13.18,13.18,576.18,30.31,100.0,15.1,15.1,15.1,651.77,17.13,100.0,19.67,19.67,19.67,870.04,0.01,100.0,12.69,12.69,QPSO,32.99,32.99,QPSO
136,65569,11,4,81.7,13.0,rush_hour,36,74,10.25,10.25,10.25,448.04,66.33,100.0,10.25,10.25,10.25,448.04,17.45,100.0,14.05,14.05,14.05,613.64,0.01,100.0,-0.0,0.0,Tie,27.05,27.05,QPSO
137,55935,19,5,114.3,13.0,incident,38,57,16.55,16.55,16.55,717.97,68.98,100.0,18.08,18.08,18.08,735.74,47.24,100.0,22.97,22.97,22.97,1006.07,0.01,100.0,8.43,8.43,QPSO,27.92,27.92,QPSO
138,5288,15,5,92.2,9.0,uniform,36,74,13.0,13.0,13.0,515.58,124.55,100.0,13.48,13.48,13.48,516.02,60.14,100.0,20.51,20.51,20.51,761.52,0.01,100.0,3.53,3.53,QPSO,36.61,36.61,QPSO
139,85518,15,5,89.9,8.0,rush_hour,27,53,18.8,18.8,18.8,565.82,67.28,100.0,20.45,20.45,20.45,643.97,51.58,100.0,20.16,20.16,20.16,644.14,0.01,100.0,8.07,8.07,QPSO,6.74,6.74,QPSO
140,85109,20,7,72.5,8.5,uniform,43,53,20.66,20.66,20.66,790.31,72.13,100.0,23.14,23.14,23.14,886.17,50.12,100.0,25.45,25.45,25.45,983.34,0.01,100.0,10.72,10.72,QPSO,18.84,18.84,QPSO
141,9992,18,5,99.3,9.0,uniform,44,40,12.17,12.17,12.17,487.67,18.87,100.0,13.95,13.95,13.95,592.23,18.18,100.0,14.69,14.69,14.69,669.85,0.01,100.0,12.8,12.8,QPSO,17.15,17.15,QPSO
142,37342,12,4,97.0,8.0,incident,25,48,11.65,11.65,11.65,484.87,16.02,100.0,11.21,11.21,11.21,533.27,10.63,100.0,15.22,15.22,15.22,623.53,0.01,100.0,-3.98,-3.98,Classical PSO,23.45,23.45,QPSO
143,2947,15,4,99.4,8.5,rush_hour,26,48,23.55,23.55,23.55,513.43,21.02,100.0,24.73,24.73,24.73,667.0,9.55,100.0,31.31,31.31,31.31,690.12,0.01,100.0,4.78,4.78,QPSO,24.79,24.79,QPSO
144,98218,16,5,107.3,13.0,rush_hour,41,77,11.34,11.34,11.34,511.99,30.79,100.0,11.52,11.52,11.52,509.31,22.85,100.0,14.84,14.84,14.84,657.8,0.01,100.0,1.54,1.54,QPSO,23.57,23.57,QPSO
145,15293,17,4,117.3,18.0,incident,41,59,12.26,12.26,12.26,514.3,25.13,100.0,13.73,13.73,13.73,548.26,15.67,100.0,18.61,18.61,18.61,714.46,0.01,100.0,10.72,10.72,QPSO,34.1,34.1,QPSO
146,61036,20,7,73.0,13.0,rush_hour,28,71,16.17,16.17,16.17,794.25,39.35,100.0,18.41,18.41,18.41,878.32,21.92,100.0,20.07,20.07,20.07,986.28,0.01,100.0,12.17,12.17,QPSO,19.42,19.42,QPSO
147,94375,17,5,115.0,17.5,uniform,27,48,14.8,14.8,14.8,591.19,18.14,100.0,17.14,17.14,17.14,653.15,11.45,100.0,15.9,15.9,15.9,616.44,0.01,100.0,13.65,13.65,QPSO,6.94,6.94,QPSO
148,37046,19,6,89.0,13.0,incident,44,67,15.36,15.36,15.36,586.45,39.52,100.0,15.77,15.77,15.77,597.12,20.54,100.0,21.84,21.84,21.84,836.59,0.01,100.0,2.59,2.59,QPSO,29.65,29.65,QPSO
149,13999,11,4,91.5,13.0,rush_hour,39,65,10.04,10.04,10.04,470.54,21.65,100.0,10.54,10.54,10.54,477.28,19.32,100.0,13.13,13.13,13.13,614.37,0.0,100.0,4.8,4.8,QPSO,23.56,23.56,QPSO
150,55524,11,5,91.3,9.0,uniform,40,44,11.3,11.3,11.3,477.33,14.87,100.0,11.32,11.32,11.32,486.91,12.9,100.0,14.87,14.87,14.87,605.61,0.01,100.0,0.19,0.19,QPSO,24.0,24.0,QPSO
151,12957,11,5,91.6,8.5,incident,26,77,11.14,11.14,11.14,392.48,24.18,100.0,11.98,11.98,11.98,428.92,18.05,100.0,14.63,14.63,14.63,505.92,0.0,100.0,7.03,7.03,QPSO,23.86,23.86,QPSO
152,74608,18,5,103.5,9.0,incident,38,43,14.93,14.93,14.93,619.42,18.85,100.0,17.42,17.42,17.42,723.1,10.13,100.0,17.73,17.73,17.73,683.95,0.01,100.0,14.28,14.28,QPSO,15.8,15.8,QPSO
153,38700,19,6,87.6,8.5,incident,40,54,18.75,18.75,18.75,741.59,28.93,100.0,20.28,20.28,20.28,800.84,14.33,100.0,23.93,23.93,23.93,949.45,0.01,100.0,7.55,7.55,QPSO,21.67,21.67,QPSO
154,15184,15,5,75.7,17.5,uniform,38,75,14.44,14.44,14.44,565.69,27.52,100.0,15.61,15.61,15.61,629.95,21.07,100.0,21.1,21.1,21.1,849.45,0.01,100.0,7.5,7.5,QPSO,31.6,31.6,QPSO
155,82490,19,5,100.4,8.0,uniform,33,59,13.53,13.53,13.53,562.28,33.11,100.0,15.1,15.1,15.1,632.48,18.39,100.0,18.41,18.41,18.41,788.83,0.01,100.0,10.35,10.35,QPSO,26.49,26.49,QPSO
156,45541,15,5,79.1,17.5,incident,37,44,14.43,14.43,14.43,570.29,18.25,100.0,17.5,17.5,17.5,692.1,12.86,100.0,18.08,18.08,18.08,718.06,0.01,100.0,17.54,17.54,QPSO,20.21,20.21,QPSO
157,19595,20,7,74.6,13.0,rush_hour,39,61,17.16,17.16,17.16,759.8,33.31,100.0,19.46,19.46,19.46,842.87,19.02,100.0,24.9,24.9,24.9,1102.55,0.01,100.0,11.81,11.81,QPSO,31.1,31.1,QPSO
158,21631,15,4,106.1,8.0,uniform,30,79,10.92,10.92,10.92,435.22,26.36,100.0,12.38,12.38,12.38,508.41,21.34,100.0,16.8,16.8,16.8,710.73,0.01,100.0,11.77,11.77,QPSO,35.0,35.0,QPSO
159,7522,20,6,83.6,13.0,incident,39,66,20.46,20.46,20.46,844.15,35.49,100.0,22.24,22.24,22.24,908.59,19.61,100.0,23.02,23.02,23.02,958.59,0.01,100.0,8.04,8.04,QPSO,11.14,11.14,QPSO
160,36804,13,4,87.3,9.0,incident,43,71,12.24,12.24,12.24,536.08,17.51,100.0,11.18,11.18,11.18,508.97,14.13,100.0,12.3,12.3,12.3,536.8,0.0,100.0,-9.45,-9.45,Classical PSO,0.51,0.51,QPSO
161,70066,20,7,72.3,17.5,uniform,25,53,19.19,19.19,19.19,717.17,28.99,100.0,20.48,20.48,20.48,804.18,24.57,100.0,24.39,24.39,24.39,979.35,0.01,100.0,6.27,6.27,QPSO,21.31,21.31,QPSO
162,40507,13,5,108.2,9.0,uniform,25,71,10.7,10.7,10.7,452.54,23.44,100.0,11.3,11.3,11.3,443.85,19.03,100.0,13.96,13.96,13.96,555.55,0.0,100.0,5.29,5.29,QPSO,23.34,23.34,QPSO
163,98912,16,6,76.5,17.5,incident,36,44,12.36,12.36,12.36,524.43,24.86,100.0,12.34,12.34,12.34,491.17,12.32,100.0,12.78,12.78,12.78,541.61,0.01,100.0,-0.23,-0.23,Classical PSO,3.24,3.24,QPSO
164,53044,10,4,70.9,9.0,incident,38,76,9.2,9.2,9.2,438.56,35.73,100.0,9.92,9.92,9.92,511.22,28.35,100.0,14.33,14.33,14.33,688.17,0.0,100.0,7.29,7.29,QPSO,35.82,35.82,QPSO
165,54008,20,6,84.5,8.0,rush_hour,30,79,23.69,23.69,23.69,690.51,50.17,100.0,26.74,26.74,26.74,870.56,29.53,100.0,32.63,32.63,32.63,1022.69,0.02,100.0,11.43,11.43,QPSO,27.42,27.42,QPSO
166,61305,15,5,91.8,8.5,rush_hour,43,65,16.54,16.54,16.54,519.75,30.93,100.0,20.51,20.51,20.51,661.25,20.93,100.0,19.92,19.92,19.92,686.93,0.01,100.0,19.34,19.34,QPSO,16.97,16.97,QPSO
167,69676,11,5,113.5,9.0,uniform,35,50,7.83,7.83,7.83,304.83,22.78,100.0,8.74,8.74,8.74,382.39,23.48,100.0,12.3,12.3,12.3,483.77,0.01,100.0,10.43,10.43,QPSO,36.35,36.35,QPSO
168,11011,18,5,96.5,9.0,rush_hour,45,49,20.2,20.2,20.2,536.66,25.5,100.0,21.81,21.81,21.81,578.75,17.11,100.0,28.5,28.5,28.5,758.49,0.01,100.0,7.36,7.36,QPSO,29.1,29.1,QPSO
169,31968,11,4,82.8,17.5,uniform,45,44,12.07,12.07,12.07,458.36,20.68,100.0,11.74,11.74,11.74,416.21,14.31,100.0,12.81,12.81,12.81,479.49,0.0,100.0,-2.8,-2.8,Classical PSO,5.75,5.75,QPSO
170,24218,20,6,93.2,18.0,incident,45,80,15.53,15.53,15.53,607.0,48.24,100.0,16.85,16.85,16.85,655.63,24.11,100.0,18.25,18.25,18.25,703.01,0.05,100.0,7.82,7.82,QPSO,14.88,14.88,QPSO
171,82857,15,5,77.5,13.0,rush_hour,45,59,16.37,16.37,16.37,594.57,26.16,100.0,16.88,16.88,16.88,641.23,19.92,100.0,19.14,19.14,19.14,731.87,0.01,100.0,3.05,3.05,QPSO,14.48,14.48,QPSO
172,37002,19,6,87.6,9.0,rush_hour,39,42,25.32,25.32,25.32,674.28,25.3,100.0,29.77,29.77,29.77,874.3,14.53,100.0,29.83,29.83,29.83,882.79,0.01,100.0,14.94,14.94,QPSO,15.11,15.11,QPSO
173,8456,15,6,73.8,17.5,incident,41,64,11.6,11.6,11.6,556.44,36.65,100.0,11.51,11.51,11.51,548.19,24.09,100.0,13.78,13.78,13.78,605.77,0.01,100.0,-0.73,-0.73,Classical PSO,15.82,15.82,QPSO
174,61648,19,6,92.5,9.0,incident,40,72,14.91,14.91,14.91,578.2,35.55,100.0,15.79,15.79,15.79,652.27,21.09,100.0,20.66,20.66,20.66,828.89,0.01,100.0,5.61,5.61,QPSO,27.84,27.84,QPSO
175,20773,10,5,75.2,18.0,uniform,41,51,11.62,11.62,11.62,470.42,20.83,100.0,12.07,12.07,12.07,513.13,19.28,100.0,16.74,16.74,16.74,749.9,0.04,100.0,3.72,3.72,QPSO,30.56,30.56,QPSO
176,6130,13,5,119.5,17.5,incident,30,63,9.69,9.69,9.69,401.74,33.85,100.0,12.33,12.33,12.33,514.69,11.71,100.0,14.97,14.97,14.97,597.45,0.01,100.0,21.4,21.4,QPSO,35.27,35.27,QPSO
177,49870,14,5,90.4,18.0,incident,26,80,13.11,13.11,13.11,474.72,83.06,100.0,13.34,13.34,13.34,459.67,72.73,100.0,15.35,15.35,15.35,583.88,0.01,100.0,1.72,1.72,QPSO,14.59,14.59,QPSO
178,85843,15,5,86.5,9.0,rush_hour,44,49,20.57,20.57,20.57,480.28,74.93,100.0,22.51,22.51,22.51,509.98,49.05,100.0,28.28,28.28,28.28,693.36,0.22,100.0,8.62,8.62,QPSO,27.27,27.27,QPSO
179,44694,11,4,115.8,18.0,incident,37,48,9.44,9.44,9.44,391.86,47.39,100.0,9.85,9.85,9.85,389.38,54.39,100.0,13.67,13.67,13.67,566.67,0.0,100.0,4.15,4.15,QPSO,30.89,30.89,QPSO
180,78993,11,5,97.9,9.0,uniform,41,45,10.42,10.42,10.42,401.77,51.04,100.0,9.35,9.35,9.35,355.48,44.58,100.0,12.02,12.02,12.02,480.75,0.02,100.0,-11.34,-11.34,Classical PSO,13.36,13.36,QPSO
181,85675,20,6,95.4,9.0,rush_hour,30,53,19.77,19.77,19.77,585.47,24.18,100.0,20.06,20.06,20.06,594.67,23.45,100.0,23.08,23.08,23.08,665.91,0.01,100.0,1.49,1.49,QPSO,14.36,14.36,QPSO
182,45791,17,6,81.3,8.5,uniform,34,46,15.53,15.53,15.53,585.07,17.23,100.0,16.57,16.57,16.57,660.62,13.39,100.0,19.12,19.12,19.12,758.52,0.01,100.0,6.24,6.24,QPSO,18.77,18.77,QPSO
183,67543,18,5,103.1,17.5,rush_hour,29,50,14.8,14.8,14.8,618.37,22.66,100.0,15.95,15.95,15.95,660.78,17.69,100.0,17.9,17.9,17.9,791.93,0.01,100.0,7.25,7.25,QPSO,17.32,17.32,QPSO
184,24703,19,5,106.1,13.0,rush_hour,32,68,14.57,14.57,14.57,642.51,25.88,100.0,17.46,17.46,17.46,734.58,20.4,100.0,19.56,19.56,19.56,830.18,0.01,100.0,16.59,16.59,QPSO,25.53,25.53,QPSO
185,81031,14,5,81.7,9.0,rush_hour,31,63,15.13,15.13,15.13,428.43,21.78,100.0,14.34,14.34,14.34,421.76,16.3,100.0,18.4,18.4,18.4,543.08,0.01,100.0,-5.47,-5.47,Classical PSO,17.79,17.79,QPSO
186,89907,19,6,93.1,13.0,incident,41,66,16.81,16.81,16.81,673.25,33.76,100.0,18.76,18.76,18.76,779.11,22.63,100.0,19.15,19.15,19.15,796.09,0.04,100.0,10.43,10.43,QPSO,12.22,12.22,QPSO
187,22241,13,3,113.7,18.0,rush_hour,36,75,10.79,10.79,10.79,485.87,26.67,100.0,11.68,11.68,11.68,504.83,20.36,100.0,15.92,15.92,15.92,715.63,0.01,100.0,7.65,7.65,QPSO,32.23,32.23,QPSO
188,14446,18,6,84.3,9.0,rush_hour,41,49,22.5,22.5,22.5,660.51,25.91,100.0,22.62,22.62,22.62,670.52,14.95,100.0,23.51,23.51,23.51,705.66,0.01,100.0,0.53,0.53,QPSO,4.33,4.33,QPSO
189,58340,11,4,110.8,8.0,rush_hour,26,65,15.9,15.9,15.9,335.75,20.97,100.0,17.21,17.21,17.21,380.04,18.79,100.0,18.82,18.82,18.82,417.65,0.01,100.0,7.58,7.58,QPSO,15.5,15.5,QPSO
190,66799,15,5,89.3,9.0,uniform,25,60,16.76,16.76,16.76,631.9,25.43,100.0,14.16,14.16,14.16,606.66,13.95,100.0,21.11,21.11,21.11,853.36,0.01,100.0,-18.31,-18.31,Classical PSO,20.61,20.61,QPSO
191,13987,20,5,109.6,8.0,rush_hour,40,48,17.99,17.99,17.99,560.3,22.08,100.0,23.69,23.69,23.69,724.87,12.16,100.0,21.6,21.6,21.6,641.67,0.01,100.0,24.07,24.07,QPSO,16.7,16.7,QPSO
192,93476,17,5,100.8,8.0,rush_hour,31,49,20.45,20.45,20.45,610.12,21.83,100.0,22.59,22.59,22.59,628.28,12.85,100.0,23.39,23.39,23.39,734.2,0.05,100.0,9.46,9.46,QPSO,12.56,12.56,QPSO
193,72932,19,7,75.6,8.5,rush_hour,28,43,28.05,28.05,28.05,757.7,19.81,100.0,33.61,33.61,33.61,899.78,12.59,100.0,33.89,33.89,33.89,912.87,0.01,100.0,16.52,16.52,QPSO,17.22,17.22,QPSO
194,32252,16,6,73.1,17.5,incident,25,80,15.84,15.84,15.84,612.17,30.95,100.0,17.35,17.35,17.35,645.85,21.9,100.0,20.21,20.21,20.21,793.02,0.01,100.0,8.68,8.68,QPSO,21.62,21.62,QPSO
195,68551,19,5,105.9,13.0,uniform,44,62,16.72,16.72,16.72,658.5,35.24,100.0,17.79,17.79,17.79,689.91,21.3,100.0,18.75,18.75,18.75,762.4,0.01,100.0,6.04,6.04,QPSO,10.84,10.84,QPSO
196,32531,19,6,79.4,17.5,rush_hour,27,73,15.21,15.21,15.21,670.08,34.03,100.0,15.61,15.61,15.61,712.76,18.35,100.0,18.48,18.48,18.48,765.8,0.08,100.0,2.56,2.56,QPSO,17.69,17.69,QPSO
197,72313,18,6,89.5,8.0,incident,37,63,18.95,18.95,18.95,683.92,28.78,100.0,21.12,21.12,21.12,801.55,16.56,100.0,25.24,25.24,25.24,960.08,0.03,100.0,10.26,10.26,QPSO,24.91,24.91,QPSO
198,34246,10,4,109.4,8.5,incident,45,46,10.32,10.32,10.32,332.99,16.94,100.0,10.7,10.7,10.7,374.68,15.72,100.0,12.65,12.65,12.65,514.25,0.0,100.0,3.5,3.5,QPSO,18.36,18.36,QPSO
199,77271,15,6,72.2,18.0,uniform,39,70,12.29,12.29,12.29,462.47,17.2,100.0,12.96,12.96,12.96,497.7,12.63,100.0,17.23,17.23,17.23,732.27,0.02,100.0,5.15,5.15,QPSO,28.66,28.66,QPSO
200,83802,12,5,73.2,8.0,rush_hour,31,42,16.98,16.98,16.98,433.32,22.44,100.0,16.36,16.36,16.36,423.86,22.78,100.0,20.32,20.32,20.32,506.61,0.0,100.0,-3.77,-3.77,Classical PSO,16.45,16.45,QPSO
201,27144,10,5,116.7,13.0,incident,40,56,12.43,12.43,12.43,466.92,19.72,100.0,11.35,11.35,11.35,441.61,20.28,100.0,14.1,14.1,14.1,554.73,0.01,100.0,-9.45,-9.45,Classical PSO,11.87,11.87,QPSO
202,5799,20,6,84.3,18.0,rush_hour,33,47,17.04,17.04,17.04,750.06,19.17,100.0,15.97,15.97,15.97,698.46,11.39,100.0,22.84,22.84,22.84,1009.59,0.01,100.0,-6.74,-6.74,Classical PSO,25.37,25.37,QPSO
203,49237,16,5,107.2,9.0,uniform,40,71,11.7,11.7,11.7,492.8,25.29,100.0,13.19,13.19,13.19,568.58,27.25,100.0,15.87,15.87,15.87,636.89,0.01,100.0,11.29,11.29,QPSO,26.28,26.28,QPSO
204,49148,18,5,110.1,8.0,rush_hour,44,51,17.83,17.83,17.83,471.93,21.02,100.0,24.23,24.23,24.23,684.65,14.59,100.0,26.04,26.04,26.04,816.77,0.01,100.0,26.41,26.41,QPSO,31.54,31.54,QPSO
205,72496,14,5,75.1,18.0,rush_hour,34,68,17.05,17.05,17.05,726.47,26.24,100.0,16.73,16.73,16.73,690.93,18.46,100.0,19.72,19.72,19.72,823.68,0.01,100.0,-1.92,-1.92,Classical PSO,13.55,13.55,QPSO
206,79986,16,5,104.5,13.0,uniform,36,79,10.57,10.57,10.57,411.96,33.46,100.0,10.35,10.35,10.35,422.82,25.43,100.0,13.14,13.14,13.14,514.8,0.01,100.0,-2.19,-2.19,Classical PSO,19.53,19.53,QPSO
207,58008,14,5,73.8,9.0,incident,30,41,15.57,15.57,15.57,641.37,17.22,100.0,17.3,17.3,17.3,683.89,10.76,100.0,19.01,19.01,19.01,773.1,0.0,100.0,10.0,10.0,QPSO,18.12,18.12,QPSO
208,19714,19,7,71.7,8.5,incident,36,63,17.45,17.45,17.45,667.55,33.91,100.0,18.29,18.29,18.29,682.48,21.0,100.0,21.52,21.52,21.52,837.33,0.01,100.0,4.57,4.57,QPSO,18.89,18.89,QPSO
209,51181,19,5,100.3,9.0,rush_hour,39,44,22.91,22.91,22.91,672.29,22.69,100.0,22.24,22.24,22.24,682.7,13.06,100.0,26.85,26.85,26.85,825.62,0.01,100.0,-3.0,-3.0,Classical PSO,14.67,14.67,QPSO
210,76225,12,5,89.9,8.5,uniform,25,51,9.58,9.58,9.58,346.16,17.41,100.0,10.3,10.3,10.3,384.08,14.27,100.0,11.41,11.41,11.41,436.73,0.01,100.0,6.99,6.99,QPSO,16.03,16.03,QPSO
211,66410,18,4,115.7,9.0,rush_hour,39,53,21.2,21.2,21.2,547.65,23.63,100.0,23.77,23.77,23.77,607.4,14.6,100.0,26.51,26.51,26.51,632.37,0.01,100.0,10.83,10.83,QPSO,20.03,20.03,QPSO
212,81199,14,5,80.0,8.0,rush_hour,30,68,17.91,17.91,17.91,501.33,31.55,100.0,18.83,18.83,18.83,536.22,17.94,100.0,23.35,23.35,23.35,677.96,0.01,100.0,4.89,4.89,QPSO,23.29,23.29,QPSO
213,12506,20,5,103.4,17.5,incident,34,59,15.7,15.7,15.7,699.16,24.06,100.0,16.97,16.97,16.97,691.49,17.12,100.0,18.29,18.29,18.29,761.39,0.01,100.0,7.48,7.48,QPSO,14.15,14.15,QPSO
214,21644,20,5,109.7,8.0,uniform,29,55,16.19,16.19,16.19,674.65,25.75,100.0,16.0,16.0,16.0,623.88,13.92,100.0,19.41,19.41,19.41,838.99,0.01,100.0,-1.21,-1.21,Classical PSO,16.59,16.59,QPSO
215,65752,10,4,97.7,13.0,incident,29,79,9.45,9.45,9.45,370.83,23.64,100.0,11.0,11.0,11.0,439.93,20.26,100.0,12.82,12.82,12.82,527.86,0.0,100.0,14.05,14.05,QPSO,26.27,26.27,QPSO
216,12300,11,5,89.9,17.5,rush_hour,38,76,7.6,7.6,7.6,329.31,27.08,100.0,7.52,7.52,7.52,330.18,19.85,100.0,12.43,12.43,12.43,577.46,0.0,100.0,-1.09,-1.09,Classical PSO,38.83,38.83,QPSO
217,10666,12,4,102.1,13.0,incident,41,62,8.29,8.29,8.29,310.95,21.37,100.0,8.32,8.32,8.32,314.97,18.85,100.0,11.0,11.0,11.0,433.09,0.01,100.0,0.3,0.3,QPSO,24.66,24.66,QPSO
218,17821,18,5,108.4,13.0,incident,26,47,15.42,15.42,15.42,720.08,18.35,100.0,15.24,15.24,15.24,658.56,11.9,100.0,19.39,19.39,19.39,844.55,0.01,100.0,-1.15,-1.15,Classical PSO,20.52,20.52,QPSO
219,68908,12,5,78.2,18.0,uniform,36,73,10.01,10.01,10.01,412.19,31.32,100.0,10.23,10.23,10.23,419.87,20.4,100.0,10.96,10.96,10.96,463.31,0.0,100.0,2.1,2.1,QPSO,8.66,8.66,QPSO
220,38230,11,5,79.8,8.5,incident,34,79,14.41,14.41,14.41,655.65,59.36,100.0,13.52,13.52,13.52,589.69,33.82,100.0,16.11,16.11,16.11,652.84,0.01,100.0,-6.57,-6.57,Classical PSO,10.6,10.6,QPSO
221,70924,11,5,99.6,8.5,uniform,44,78,10.85,10.85,10.85,447.16,31.11,100.0,11.54,11.54,11.54,476.83,42.01,100.0,12.1,12.1,12.1,512.32,0.01,100.0,6.02,6.02,QPSO,10.39,10.39,QPSO
222,45252,19,5,111.3,8.0,uniform,45,76,11.59,11.59,11.59,452.71,35.18,100.0,13.74,13.74,13.74,583.33,26.05,100.0,15.79,15.79,15.79,676.55,0.01,100.0,15.64,15.64,QPSO,26.58,26.58,QPSO
223,35688,20,5,108.3,17.5,incident,25,71,17.32,17.32,17.32,728.35,29.59,100.0,18.46,18.46,18.46,759.74,20.2,100.0,19.43,19.43,19.43,803.16,0.01,100.0,6.18,6.18,QPSO,10.86,10.86,QPSO
224,83203,18,5,102.1,13.0,uniform,37,59,18.19,18.19,18.19,762.31,27.22,100.0,17.19,17.19,17.19,669.71,15.39,100.0,21.57,21.57,21.57,892.59,0.01,100.0,-5.84,-5.84,Classical PSO,15.67,15.67,QPSO
225,60446,11,5,77.9,13.0,rush_hour,31,61,11.44,11.44,11.44,494.99,20.0,100.0,12.48,12.48,12.48,536.03,15.91,100.0,13.22,13.22,13.22,592.7,0.0,100.0,8.29,8.29,QPSO,13.48,13.48,QPSO
226,80516,12,4,113.1,18.0,rush_hour,37,48,10.57,10.57,10.57,397.46,16.05,100.0,11.36,11.36,11.36,456.01,12.59,100.0,14.6,14.6,14.6,650.04,0.01,100.0,7.03,7.03,QPSO,27.64,27.64,QPSO
227,49567,18,6,86.0,8.0,rush_hour,39,55,24.91,24.91,24.91,680.48,26.36,100.0,26.43,26.43,26.43,701.84,15.48,100.0,27.42,27.42,27.42,739.17,0.02,100.0,5.75,5.75,QPSO,9.15,9.15,QPSO
228,19465,11,5,84.5,17.5,rush_hour,32,50,9.93,9.93,9.93,354.71,16.51,100.0,10.03,10.03,10.03,357.46,15.76,100.0,14.19,14.19,14.19,526.11,0.01,100.0,0.92,0.92,QPSO,30.01,30.01,QPSO
229,43917,19,6,79.5,13.0,incident,39,71,16.47,16.47,16.47,697.8,35.95,100.0,16.37,16.37,16.37,719.37,18.38,100.0,22.29,22.29,22.29,1031.99,0.01,100.0,-0.59,-0.59,Classical PSO,26.14,26.14,QPSO
230,41441,17,6,74.5,17.5,rush_hour,32,53,20.93,20.93,20.93,972.1,23.58,100.0,20.65,20.65,20.65,931.2,15.54,100.0,24.67,24.67,24.67,1134.08,0.01,100.0,-1.39,-1.39,Classical PSO,15.15,15.15,QPSO
231,77460,15,6,72.5,17.5,incident,40,58,16.51,16.51,16.51,611.36,23.93,100.0,17.32,17.32,17.32,631.6,17.97,100.0,18.89,18.89,18.89,684.53,0.0,100.0,4.66,4.66,QPSO,12.57,12.57,QPSO
232,71345,10,4,91.5,18.0,rush_hour,37,63,8.53,8.53,8.53,413.33,23.76,100.0,8.86,8.86,8.86,429.27,15.23,100.0,12.33,12.33,12.33,623.89,0.01,100.0,3.77,3.77,QPSO,30.83,30.83,QPSO
233,6930,16,5,98.5,9.0,incident,34,44,15.72,15.72,15.72,661.61,19.16,100.0,17.72,17.72,17.72,794.55,13.46,100.0,20.68,20.68,20.68,925.9,0.01,100.0,11.26,11.26,QPSO,23.98,23.98,QPSO
234,51639,18,5,108.2,17.5,incident,44,47,13.58,13.58,13.58,518.74,20.63,100.0,17.13,17.13,17.13,652.05,13.87,100.0,21.91,21.91,21.91,835.62,0.01,100.0,20.7,20.7,QPSO,38.01,38.01,QPSO
235,17864,11,5,88.7,17.5,rush_hour,29,52,8.32,8.32,8.32,355.27,17.87,100.0,8.32,8.32,8.32,355.27,17.29,100.0,13.22,13.22,13.22,562.25,0.0,100.0,0.0,0.0,Tie,37.07,37.07,QPSO
236,79966,18,5,95.0,8.0,uniform,35,70,16.52,16.52,16.52,587.38,20.4,100.0,20.62,20.62,20.62,752.82,14.58,100.0,19.14,19.14,19.14,654.89,0.01,100.0,19.89,19.89,QPSO,13.7,13.7,QPSO
237,69069,17,5,100.3,9.0,incident,35,50,16.23,16.23,16.23,657.21,8.01,100.0,18.29,18.29,18.29,779.69,6.65,100.0,19.44,19.44,19.44,782.84,0.01,100.0,11.24,11.24,QPSO,16.5,16.5,QPSO
238,52505,19,5,99.7,18.0,incident,34,70,15.66,15.66,15.66,682.8,43.87,100.0,15.49,15.49,15.49,649.28,42.07,100.0,18.52,18.52,18.52,815.56,0.0,100.0,-1.08,-1.08,Classical PSO,15.46,15.46,QPSO
239,3180,15,5,103.7,17.5,rush_hour,45,41,14.56,14.56,14.56,530.74,35.41,100.0,16.35,16.35,16.35,588.41,33.14,100.0,18.38,18.38,18.38,685.06,0.01,100.0,10.96,10.96,QPSO,20.78,20.78,QPSO
240,79238,17,4,118.4,18.0,uniform,43,70,14.72,14.72,14.72,582.39,58.58,100.0,15.18,15.18,15.18,647.4,46.99,100.0,18.5,18.5,18.5,833.91,0.01,100.0,3.03,3.03,QPSO,20.44,20.44,QPSO
241,23349,18,6,77.4,8.0,incident,28,52,17.49,17.49,17.49,629.11,20.14,100.0,19.45,19.45,19.45,695.14,14.86,100.0,19.03,19.03,19.03,729.2,0.01,100.0,10.03,10.03,QPSO,8.05,8.05,QPSO
242,3482,17,5,90.9,18.0,uniform,38,72,13.75,13.75,13.75,630.19,33.1,100.0,17.24,17.24,17.24,766.43,22.17,100.0,16.34,16.34,16.34,756.64,0.01,100.0,20.25,20.25,QPSO,15.86,15.86,QPSO
243,81147,17,5,105.3,17.5,rush_hour,40,73,13.61,13.61,13.61,574.78,32.19,100.0,15.81,15.81,15.81,707.44,20.46,100.0,17.83,17.83,17.83,724.56,0.0,100.0,13.88,13.88,QPSO,23.68,23.68,QPSO
244,50391,15,5,93.0,17.5,rush_hour,45,56,9.99,9.99,9.99,474.11,23.06,100.0,12.33,12.33,12.33,618.2,18.59,100.0,15.51,15.51,15.51,732.87,0.01,100.0,18.96,18.96,QPSO,35.59,35.59,QPSO
245,80963,17,5,117.9,17.5,rush_hour,32,59,13.93,13.93,13.93,598.28,24.76,100.0,14.3,14.3,14.3,614.96,15.94,100.0,18.27,18.27,18.27,804.71,0.11,100.0,2.61,2.61,QPSO,23.76,23.76,QPSO
246,38880,13,5,85.9,17.5,incident,33,58,11.53,11.53,11.53,436.14,18.35,100.0,11.87,11.87,11.87,484.29,18.9,100.0,13.97,13.97,13.97,584.67,0.01,100.0,2.92,2.92,QPSO,17.48,17.48,QPSO
247,16974,19,5,114.8,9.0,uniform,34,42,10.23,10.23,10.23,424.98,28.91,100.0,13.94,13.94,13.94,591.06,27.02,100.0,14.79,14.79,14.79,619.65,0.01,100.0,26.6,26.6,QPSO,30.79,30.79,QPSO
248,38700,11,5,116.2,9.0,incident,40,53,8.84,8.84,8.84,360.63,37.41,100.0,8.48,8.48,8.48,382.13,37.96,100.0,10.12,10.12,10.12,436.31,0.01,100.0,-4.27,-4.27,Classical PSO,12.63,12.63,QPSO
249,27485,18,5,116.7,8.5,uniform,44,77,12.71,12.71,12.71,522.14,68.52,100.0,14.13,14.13,14.13,608.88,46.54,100.0,15.18,15.18,15.18,600.8,0.01,100.0,10.02,10.02,QPSO,16.25,16.25,QPSO
250,32363,13,4,103.5,18.0,uniform,26,46,12.02,12.02,12.02,492.12,39.97,100.0,11.85,11.85,11.85,533.63,26.29,100.0,13.19,13.19,13.19,534.92,0.01,100.0,-1.4,-1.4,Classical PSO,8.88,8.88,QPSO
251,55172,15,5,75.0,8.0,incident,30,66,15.4,15.4,15.4,604.84,46.74,100.0,16.79,16.79,16.79,661.38,48.38,100.0,17.25,17.25,17.25,698.87,0.01,100.0,8.3,8.3,QPSO,10.73,10.73,QPSO
252,86575,17,5,102.5,9.0,rush_hour,45,43,18.87,18.87,18.87,585.57,34.53,100.0,21.1,21.1,21.1,629.72,24.71,100.0,21.23,21.23,21.23,647.36,0.01,100.0,10.58,10.58,QPSO,11.15,11.15,QPSO
253,12725,20,6,96.8,8.5,rush_hour,30,42,27.41,27.41,27.41,597.28,34.64,100.0,31.23,31.23,31.23,669.56,19.75,100.0,32.37,32.37,32.37,719.55,0.01,100.0,12.23,12.23,QPSO,15.31,15.31,QPSO
254,53034,17,5,116.8,8.0,uniform,34,76,14.16,14.16,14.16,587.84,80.11,100.0,13.9,13.9,13.9,575.12,46.2,100.0,16.39,16.39,16.39,671.71,0.05,100.0,-1.85,-1.85,Classical PSO,13.62,13.62,QPSO
255,80007,11,5,84.2,8.5,incident,39,57,9.79,9.79,9.79,386.28,37.16,100.0,9.07,9.07,9.07,356.07,24.45,100.0,11.08,11.08,11.08,426.21,0.01,100.0,-7.94,-7.94,Classical PSO,11.64,11.64,QPSO
256,26272,11,5,78.1,18.0,rush_hour,30,40,9.04,9.04,9.04,376.58,23.0,100.0,9.02,9.02,9.02,380.89,22.41,100.0,11.55,11.55,11.55,515.5,0.01,100.0,-0.22,-0.22,Classical PSO,21.74,21.74,QPSO
257,97549,15,4,98.4,8.5,incident,45,65,13.69,13.69,13.69,476.51,46.84,100.0,16.8,16.8,16.8,634.71,27.24,100.0,17.2,17.2,17.2,660.54,0.01,100.0,18.53,18.53,QPSO,20.4,20.4,QPSO
258,57059,18,7,74.3,8.5,uniform,40,60,18.08,18.08,18.08,717.02,56.88,100.0,19.07,19.07,19.07,711.61,28.04,100.0,20.82,20.82,20.82,839.19,0.01,100.0,5.17,5.17,QPSO,13.14,13.14,QPSO
259,33512,10,4,89.2,9.0,rush_hour,34,77,13.22,13.22,13.22,383.27,47.47,100.0,13.34,13.34,13.34,382.4,43.91,100.0,17.9,17.9,17.9,468.28,0.01,100.0,0.9,0.9,QPSO,26.17,26.17,QPSO
260,95749,19,6,83.1,18.0,uniform,26,47,15.24,15.24,15.24,603.12,26.89,100.0,17.15,17.15,17.15,687.61,21.74,100.0,19.8,19.8,19.8,799.19,0.09,100.0,11.16,11.16,QPSO,23.02,23.02,QPSO
261,62000,14,5,90.3,18.0,uniform,45,58,13.74,13.74,13.74,554.05,29.96,100.0,14.56,14.56,14.56,608.08,21.5,100.0,16.97,16.97,16.97,735.05,0.01,100.0,5.64,5.64,QPSO,19.05,19.05,QPSO
262,49174,19,6,81.0,13.0,uniform,39,78,16.94,16.94,16.94,663.42,55.84,100.0,19.5,19.5,19.5,806.63,23.9,100.0,22.21,22.21,22.21,861.68,0.01,100.0,13.11,13.11,QPSO,23.7,23.7,QPSO
263,49971,16,4,107.9,8.5,incident,44,45,12.58,12.58,12.58,505.63,53.11,100.0,14.78,14.78,14.78,619.31,58.51,100.0,15.44,15.44,15.44,592.14,0.01,100.0,14.88,14.88,QPSO,18.52,18.52,QPSO
264,69879,17,6,73.9,8.0,incident,41,52,18.23,18.23,18.23,781.2,54.29,100.0,17.63,17.63,17.63,743.17,46.96,100.0,18.66,18.66,18.66,821.52,0.01,100.0,-3.45,-3.45,Classical PSO,2.26,2.26,QPSO
265,76065,18,6,78.2,8.0,incident,31,77,15.11,15.11,15.11,690.07,114.22,100.0,15.11,15.11,15.11,687.57,94.97,100.0,20.04,20.04,20.04,867.05,0.01,100.0,0.01,0.01,QPSO,24.61,24.61,QPSO
266,65071,11,4,110.4,8.5,incident,38,69,9.88,9.88,9.88,362.35,77.81,100.0,10.42,10.42,10.42,377.67,66.15,100.0,10.7,10.7,10.7,390.86,0.0,100.0,5.18,5.18,QPSO,7.73,7.73,QPSO
267,74912,10,4,103.6,18.0,uniform,37,56,7.59,7.59,7.59,273.98,67.86,100.0,8.49,8.49,8.49,320.31,46.08,100.0,10.35,10.35,10.35,395.99,0.0,100.0,10.59,10.59,QPSO,26.67,26.67,QPSO
268,1395,13,5,72.3,18.0,uniform,42,43,14.23,14.23,14.23,538.17,47.05,100.0,13.95,13.95,13.95,576.68,38.62,100.0,20.34,20.34,20.34,732.59,0.01,100.0,-1.97,-1.97,Classical PSO,30.04,30.04,QPSO
269,10046,17,6,84.4,8.5,incident,45,66,16.62,16.62,16.62,638.75,84.75,100.0,16.74,16.74,16.74,675.11,75.15,100.0,20.34,20.34,20.34,797.86,0.01,100.0,0.71,0.71,QPSO,18.26,18.26,QPSO
270,50081,16,5,113.5,13.0,uniform,42,48,12.02,12.02,12.02,449.21,49.5,100.0,11.27,11.27,11.27,399.56,41.94,100.0,12.52,12.52,12.52,473.64,0.01,100.0,-6.65,-6.65,Classical PSO,3.97,3.97,QPSO
271,86660,15,5,78.9,17.5,uniform,32,40,12.05,12.05,12.05,523.55,44.45,100.0,12.38,12.38,12.38,544.27,31.95,100.0,15.57,15.57,15.57,648.26,0.01,100.0,2.72,2.72,QPSO,22.61,22.61,QPSO
272,3979,14,5,103.7,17.5,rush_hour,32,55,10.0,10.0,10.0,403.15,63.6,100.0,10.48,10.48,10.48,427.69,50.65,100.0,12.41,12.41,12.41,521.03,0.05,100.0,4.57,4.57,QPSO,19.42,19.42,QPSO
273,61375,15,5,83.8,8.0,incident,38,79,13.86,13.86,13.86,527.6,92.17,100.0,13.86,13.86,13.86,527.6,66.64,100.0,17.37,17.37,17.37,662.4,0.07,100.0,0.0,0.0,Tie,20.21,20.21,QPSO
274,3050,13,5,73.4,13.0,incident,26,55,11.58,11.58,11.58,494.62,49.63,100.0,11.11,11.11,11.11,408.54,50.63,100.0,17.98,17.98,17.98,752.26,0.01,100.0,-4.27,-4.27,Classical PSO,35.58,35.58,QPSO
275,98064,10,5,91.9,8.5,uniform,29,72,9.54,9.54,9.54,400.42,76.46,100.0,9.54,9.54,9.54,400.42,88.58,100.0,10.71,10.71,10.71,450.27,0.01,100.0,-0.0,0.0,Tie,11.0,11.0,QPSO
276,38914,13,5,98.9,8.5,rush_hour,29,73,19.99,19.99,19.99,433.27,73.0,100.0,17.99,17.99,17.99,383.74,60.41,100.0,21.34,21.34,21.34,527.04,0.0,100.0,-11.15,-11.15,Classical PSO,6.31,6.31,QPSO
277,29972,16,5,83.8,18.0,incident,38,75,13.83,13.83,13.83,593.21,89.29,100.0,16.54,16.54,16.54,689.86,74.19,100.0,18.25,18.25,18.25,756.6,0.02,100.0,16.36,16.36,QPSO,24.19,24.19,QPSO
278,65962,10,5,117.1,13.0,incident,35,66,10.11,10.11,10.11,360.11,65.47,100.0,10.23,10.23,10.23,355.12,59.87,100.0,14.23,14.23,14.23,489.13,0.01,100.0,1.17,1.17,QPSO,28.93,28.93,QPSO
279,54511,12,5,88.8,8.5,uniform,34,49,11.78,11.78,11.78,432.64,46.57,100.0,11.11,11.11,11.11,401.42,36.34,100.0,14.99,14.99,14.99,538.04,0.03,100.0,-6.09,-6.09,Classical PSO,21.41,21.41,QPSO
280,61689,10,5,118.4,17.5,uniform,37,55,9.87,9.87,9.87,362.88,59.22,100.0,9.87,9.87,9.87,362.88,43.46,100.0,13.6,13.6,13.6,514.41,0.0,100.0,0.0,0.0,Tie,27.38,27.38,QPSO
281,34422,13,5,102.3,9.0,uniform,42,52,11.37,11.37,11.37,408.58,21.61,100.0,11.18,11.18,11.18,485.79,15.93,100.0,13.75,13.75,13.75,529.83,0.01,100.0,-1.67,-1.67,Classical PSO,17.3,17.3,QPSO
282,7755,14,4,103.7,8.0,uniform,43,75,10.74,10.74,10.74,487.44,49.81,100.0,12.25,12.25,12.25,493.54,26.14,100.0,15.25,15.25,15.25,640.59,0.01,100.0,12.35,12.35,QPSO,29.58,29.58,QPSO
283,29444,17,5,113.5,9.0,uniform,31,52,15.41,15.41,15.41,680.49,60.47,100.0,14.68,14.68,14.68,639.57,56.28,100.0,22.42,22.42,22.42,972.87,0.01,100.0,-5.03,-5.03,Classical PSO,31.26,31.26,QPSO
284,98186,11,5,115.7,17.5,incident,31,65,9.19,9.19,9.19,315.39,64.23,100.0,8.58,8.58,8.58,335.24,56.79,100.0,11.59,11.59,11.59,453.53,0.0,100.0,-7.11,-7.11,Classical PSO,20.66,20.66,QPSO
285,32369,18,5,108.8,13.0,incident,45,62,11.96,11.96,11.96,481.51,87.75,100.0,13.92,13.92,13.92,571.65,79.75,100.0,14.43,14.43,14.43,534.2,0.01,100.0,14.11,14.11,QPSO,17.12,17.12,QPSO
286,41425,14,5,95.6,13.0,uniform,40,60,11.21,11.21,11.21,519.63,76.03,100.0,11.06,11.06,11.06,494.29,55.84,100.0,14.31,14.31,14.31,653.45,0.01,100.0,-1.41,-1.41,Classical PSO,21.61,21.61,QPSO
287,27624,15,5,90.7,18.0,uniform,25,56,17.17,17.17,17.17,686.58,82.81,100.0,17.74,17.74,17.74,702.88,46.78,100.0,20.19,20.19,20.19,794.07,0.02,100.0,3.2,3.2,QPSO,14.96,14.96,QPSO
288,73523,19,6,84.8,9.0,uniform,37,76,15.64,15.64,15.64,790.14,130.35,100.0,16.53,16.53,16.53,800.73,78.54,100.0,20.44,20.44,20.44,988.69,0.01,100.0,5.41,5.41,QPSO,23.47,23.47,QPSO
289,33208,17,6,82.9,18.0,incident,40,69,17.19,17.19,17.19,731.51,78.82,100.0,17.22,17.22,17.22,691.85,63.05,100.0,21.78,21.78,21.78,869.31,0.01,100.0,0.21,0.21,QPSO,21.1,21.1,QPSO
290,23050,15,5,77.0,8.5,incident,45,43,13.73,13.73,13.73,601.79,53.05,100.0,13.78,13.78,13.78,604.78,42.21,100.0,15.33,15.33,15.33,650.44,0.01,100.0,0.38,0.38,QPSO,10.42,10.42,QPSO
291,69674,10,5,117.3,8.0,uniform,38,48,8.49,8.49,8.49,365.88,52.93,100.0,8.71,8.71,8.71,332.46,41.39,100.0,12.46,12.46,12.46,574.87,0.01,100.0,2.57,2.57,QPSO,31.87,31.87,QPSO
292,83667,13,4,105.4,8.5,incident,39,63,10.91,10.91,10.91,456.81,62.76,100.0,11.1,11.1,11.1,468.85,59.15,100.0,13.69,13.69,13.69,523.31,0.1,100.0,1.76,1.76,QPSO,20.29,20.29,QPSO
293,8923,19,5,103.0,8.0,incident,42,66,15.82,15.82,15.82,660.01,81.83,100.0,18.05,18.05,18.05,747.55,62.84,100.0,19.63,19.63,19.63,869.47,0.01,100.0,12.4,12.4,QPSO,19.44,19.44,QPSO
294,2553,10,4,96.8,8.0,incident,38,51,11.29,11.29,11.29,428.13,64.56,100.0,11.51,11.51,11.51,440.32,49.26,100.0,11.98,11.98,11.98,452.73,0.0,100.0,1.87,1.87,QPSO,5.75,5.75,QPSO
295,15026,11,5,82.0,9.0,rush_hour,37,45,16.97,16.97,16.97,438.45,43.6,100.0,16.97,16.97,16.97,438.45,42.76,100.0,22.81,22.81,22.81,632.29,0.0,100.0,-0.0,-0.0,Tie,25.59,25.59,QPSO
296,49896,16,5,98.3,9.0,incident,27,42,12.8,12.8,12.8,484.51,46.3,100.0,16.03,16.03,16.03,624.64,35.64,100.0,18.69,18.69,18.69,740.46,0.01,100.0,20.15,20.15,QPSO,31.54,31.54,QPSO
297,13255,16,5,88.9,8.0,incident,25,50,14.76,14.76,14.76,586.16,51.96,100.0,16.29,16.29,16.29,661.71,45.13,100.0,16.91,16.91,16.91,679.48,0.07,100.0,9.41,9.41,QPSO,12.74,12.74,QPSO
298,11837,17,5,102.2,17.5,uniform,41,42,14.41,14.41,14.41,586.42,52.28,100.0,15.1,15.1,15.1,630.21,38.74,100.0,19.85,19.85,19.85,783.18,0.01,100.0,4.58,4.58,QPSO,27.41,27.41,QPSO
299,31115,13,4,83.6,18.0,rush_hour,42,76,12.45,12.45,12.45,564.39,79.85,100.0,12.8,12.8,12.8,533.26,72.21,100.0,14.45,14.45,14.45,624.43,0.01,100.0,2.76,2.76,QPSO,13.85,13.85,QPSO
300,87259,10,4,116.4,8.0,uniform,43,49,8.14,8.14,8.14,346.65,58.6,100.0,8.39,8.39,8.39,345.2,40.79,100.0,9.37,9.37,9.37,374.25,0.0,100.0,2.91,2.91,QPSO,13.08,13.08,QPSO
301,99599,16,5,85.0,17.5,rush_hour,42,61,14.61,14.61,14.61,640.19,36.84,100.0,16.46,16.46,16.46,648.81,58.49,100.0,17.1,17.1,17.1,742.04,0.01,100.0,11.24,11.24,QPSO,14.52,14.52,QPSO
302,51311,12,5,95.0,8.0,uniform,38,54,9.48,9.48,9.48,349.61,38.94,100.0,9.18,9.18,9.18,344.01,39.31,100.0,12.85,12.85,12.85,497.1,0.01,100.0,-3.24,-3.24,Classical PSO,26.25,26.25,QPSO
303,10963,15,5,118.4,8.0,incident,33,68,11.39,11.39,11.39,497.08,49.79,100.0,12.45,12.45,12.45,586.51,43.52,100.0,14.07,14.07,14.07,604.72,0.01,100.0,8.56,8.56,QPSO,19.08,19.08,QPSO
304,65304,13,5,97.7,13.0,uniform,43,64,11.24,11.24,11.24,475.62,63.17,100.0,10.72,10.72,10.72,460.9,42.51,100.0,17.21,17.21,17.21,790.52,0.01,100.0,-4.93,-4.93,Classical PSO,34.67,34.67,QPSO
305,12232,19,5,109.9,8.0,rush_hour,29,64,23.41,23.41,23.41,653.28,63.61,100.0,30.24,30.24,30.24,849.39,30.9,100.0,30.16,30.16,30.16,839.97,0.01,100.0,22.58,22.58,QPSO,22.37,22.37,QPSO
306,94280,20,5,107.0,9.0,uniform,27,40,18.85,18.85,18.85,743.59,25.29,100.0,18.55,18.55,18.55,744.33,22.05,100.0,21.86,21.86,21.86,844.35,0.01,100.0,-1.59,-1.59,Classical PSO,13.78,13.78,QPSO
307,41405,17,4,108.1,8.5,uniform,30,67,14.59,14.59,14.59,604.65,74.34,100.0,13.78,13.78,13.78,581.85,28.69,100.0,16.29,16.29,16.29,684.61,0.01,100.0,-5.92,-5.92,Classical PSO,10.43,10.43,QPSO
308,59830,18,6,75.2,9.0,incident,27,78,11.82,11.82,11.82,518.58,89.4,100.0,14.18,14.18,14.18,646.61,42.79,100.0,15.09,15.09,15.09,701.67,0.02,100.0,16.69,16.69,QPSO,21.69,21.69,QPSO
309,79386,15,6,70.6,13.0,uniform,42,55,12.7,12.7,12.7,473.12,35.96,100.0,12.7,12.7,12.7,473.12,32.41,100.0,14.33,14.33,14.33,545.0,0.01,100.0,-0.0,0.0,Tie,11.33,11.33,QPSO
310,75967,18,5,104.3,8.5,rush_hour,34,57,22.82,22.82,22.82,579.61,51.26,100.0,26.21,26.21,26.21,696.08,38.49,100.0,26.35,26.35,26.35,726.09,0.02,100.0,12.93,12.93,QPSO,13.41,13.41,QPSO
311,65634,12,5,78.4,13.0,rush_hour,40,44,10.18,10.18,10.18,411.31,23.7,100.0,10.5,10.5,10.5,424.4,26.58,100.0,13.13,13.13,13.13,530.51,0.01,100.0,3.04,3.04,QPSO,22.42,22.42,QPSO
312,48333,14,5,106.0,17.5,incident,31,69,10.25,10.25,10.25,411.74,45.88,100.0,12.78,12.78,12.78,547.2,33.49,100.0,14.97,14.97,14.97,617.65,0.01,100.0,19.81,19.81,QPSO,31.55,31.55,QPSO
313,15021,12,5,70.3,9.0,incident,37,61,13.44,13.44,13.44,579.08,40.58,100.0,14.58,14.58,14.58,594.54,28.45,100.0,16.57,16.57,16.57,685.58,0.01,100.0,7.84,7.84,QPSO,18.9,18.9,QPSO
314,58700,15,4,110.8,9.0,rush_hour,44,52,20.97,20.97,20.97,681.71,40.21,100.0,23.15,23.15,23.15,815.76,32.86,100.0,25.78,25.78,25.78,903.35,0.01,100.0,9.41,9.41,QPSO,18.66,18.66,QPSO
315,63784,15,5,118.2,9.0,incident,45,71,12.51,12.51,12.51,477.26,60.87,100.0,17.45,17.45,17.45,732.2,44.08,100.0,16.27,16.27,16.27,635.09,0.01,100.0,28.32,28.32,QPSO,23.11,23.11,QPSO
316,76481,13,5,88.8,9.0,uniform,43,52,9.42,9.42,9.42,367.32,36.77,100.0,8.86,8.86,8.86,344.03,25.94,100.0,11.66,11.66,11.66,481.4,0.01,100.0,-6.3,-6.3,Classical PSO,19.26,19.26,QPSO
317,78624,18,5,104.1,18.0,rush_hour,31,68,14.08,14.08,14.08,589.43,70.33,100.0,14.25,14.25,14.25,633.75,53.32,100.0,17.18,17.18,17.18,697.68,0.01,100.0,1.21,1.21,QPSO,18.07,18.07,QPSO
318,39185,11,3,103.6,18.0,rush_hour,32,56,9.85,9.85,9.85,396.38,26.87,100.0,9.84,9.84,9.84,405.23,32.82,100.0,12.61,12.61,12.61,522.81,0.01,100.0,-0.19,-0.19,Classical PSO,21.83,21.83,QPSO
319,87332,12,3,109.5,13.0,incident,40,77,12.36,12.36,12.36,396.36,66.44,100.0,12.42,12.42,12.42,397.37,29.24,100.0,15.06,15.06,15.06,535.57,0.01,100.0,0.49,0.49,QPSO,17.95,17.95,QPSO
320,53534,18,5,97.2,18.0,incident,44,80,15.77,15.77,15.77,681.87,63.77,100.0,17.28,17.28,17.28,716.8,40.7,100.0,17.25,17.25,17.25,737.77,0.01,100.0,8.75,8.75,QPSO,8.59,8.59,QPSO
321,12138,11,4,102.9,8.5,incident,44,42,11.01,11.01,11.01,502.22,29.62,100.0,11.21,11.21,11.21,495.86,18.0,100.0,11.99,11.99,11.99,554.71,0.01,100.0,1.83,1.83,QPSO,8.19,8.19,QPSO
322,74822,20,5,118.3,13.0,uniform,25,46,16.4,16.4,16.4,651.19,36.89,100.0,19.14,19.14,19.14,698.24,34.14,100.0,20.09,20.09,20.09,810.58,0.01,100.0,14.31,14.31,QPSO,18.38,18.38,QPSO
323,34913,13,5,92.3,13.0,incident,43,72,12.83,12.83,12.83,535.95,47.03,100.0,11.39,11.39,11.39,448.42,41.59,100.0,14.22,14.22,14.22,593.83,0.01,100.0,-12.66,-12.66,Classical PSO,9.72,9.72,QPSO
324,20758,15,5,94.1,13.0,uniform,28,49,12.59,12.59,12.59,519.8,36.26,100.0,12.81,12.81,12.81,531.06,30.29,100.0,17.88,17.88,17.88,751.14,0.01,100.0,1.71,1.71,QPSO,29.6,29.6,QPSO
325,46656,14,4,92.8,17.5,rush_hour,36,70,10.83,10.83,10.83,519.7,48.93,100.0,10.27,10.27,10.27,481.82,41.77,100.0,14.68,14.68,14.68,648.85,0.01,100.0,-5.52,-5.52,Classical PSO,26.21,26.21,QPSO
326,13795,17,5,85.9,8.0,incident,28,41,14.42,14.42,14.42,600.24,27.29,100.0,18.59,18.59,18.59,775.37,18.45,100.0,18.7,18.7,18.7,799.11,0.01,100.0,22.42,22.42,QPSO,22.91,22.91,QPSO
327,45967,20,5,103.9,18.0,uniform,41,51,17.07,17.07,17.07,742.8,42.87,100.0,17.73,17.73,17.73,740.42,21.94,100.0,21.1,21.1,21.1,934.3,0.01,100.0,3.72,3.72,QPSO,19.09,19.09,QPSO
328,73339,12,5,98.0,8.5,rush_hour,45,51,16.86,16.86,16.86,414.27,36.87,100.0,16.01,16.01,16.01,406.97,44.09,100.0,16.98,16.98,16.98,410.37,0.0,100.0,-5.3,-5.3,Classical PSO,0.73,0.73,QPSO
329,25430,20,6,89.8,13.0,incident,38,64,14.24,14.24,14.24,619.93,71.35,100.0,16.81,16.81,16.81,731.57,33.64,100.0,17.52,17.52,17.52,788.41,0.01,100.0,15.28,15.28,QPSO,18.72,18.72,QPSO
330,1583,13,4,83.9,17.5,uniform,42,51,12.8,12.8,12.8,512.58,36.61,100.0,13.36,13.36,13.36,497.07,28.77,100.0,14.84,14.84,14.84,569.66,0.01,100.0,4.16,4.16,QPSO,13.7,13.7,QPSO
331,48945,15,5,92.9,18.0,rush_hour,41,80,12.46,12.46,12.46,549.67,69.7,100.0,11.44,11.44,11.44,468.43,34.2,100.0,17.84,17.84,17.84,831.74,0.45,100.0,-8.92,-8.92,Classical PSO,30.18,30.18,QPSO
332,42078,19,5,100.6,9.0,rush_hour,39,79,23.33,23.33,23.33,615.93,57.95,100.0,26.4,26.4,26.4,726.45,35.16,100.0,31.5,31.5,31.5,810.21,0.13,100.0,11.65,11.65,QPSO,25.95,25.95,QPSO
333,23613,20,5,115.9,18.0,uniform,35,47,16.65,16.65,16.65,663.9,38.88,100.0,19.01,19.01,19.01,768.67,23.55,100.0,21.31,21.31,21.31,911.69,0.01,100.0,12.4,12.4,QPSO,21.85,21.85,QPSO
334,32270,14,5,79.2,17.5,rush_hour,38,78,11.76,11.76,11.76,491.52,60.83,100.0,12.21,12.21,12.21,556.87,37.49,100.0,12.52,12.52,12.52,517.48,0.07,100.0,3.71,3.71,QPSO,6.12,6.12,QPSO
335,19070,19,6,91.2,18.0,incident,45,51,19.62,19.62,19.62,747.22,57.13,100.0,23.21,23.21,23.21,873.11,31.3,100.0,23.79,23.79,23.79,911.42,0.02,100.0,15.48,15.48,QPSO,17.51,17.51,QPSO
336,73733,12,4,84.4,9.0,rush_hour,44,43,16.06,16.06,16.06,444.54,27.26,100.0,16.75,16.75,16.75,457.4,20.6,100.0,19.03,19.03,19.03,509.57,0.0,100.0,4.14,4.14,QPSO,15.59,15.59,QPSO
337,48059,10,5,76.8,17.5,incident,45,71,8.53,8.53,8.53,300.34,59.18,100.0,8.53,8.53,8.53,300.34,42.58,100.0,9.86,9.86,9.86,347.68,0.01,100.0,0.0,0.0,Tie,13.46,13.46,QPSO
338,54626,20,6,90.8,13.0,uniform,27,76,15.92,15.92,15.92,618.96,62.66,100.0,17.21,17.21,17.21,666.47,52.19,100.0,23.94,23.94,23.94,987.92,0.01,100.0,7.49,7.49,QPSO,33.51,33.51,QPSO
339,5044,13,5,71.6,17.5,rush_hour,30,69,11.09,11.09,11.09,482.28,51.68,100.0,11.09,11.09,11.09,482.28,31.26,100.0,15.29,15.29,15.29,669.62,0.01,100.0,0.0,0.0,Tie,27.46,27.46,QPSO
340,75140,17,5,98.6,17.5,rush_hour,42,42,14.13,14.13,14.13,631.22,37.68,100.0,14.01,14.01,14.01,576.52,29.02,100.0,17.29,17.29,17.29,815.39,0.01,100.0,-0.8,-0.8,Classical PSO,18.3,18.3,QPSO
341,95238,17,4,119.5,18.0,incident,32,59,14.39,14.39,14.39,513.46,52.49,100.0,13.4,13.4,13.4,496.5,25.91,100.0,16.43,16.43,16.43,600.2,0.01,100.0,-7.44,-7.44,Classical PSO,12.42,12.42,QPSO
342,5224,17,5,87.4,13.0,uniform,32,53,17.75,17.75,17.75,741.46,39.17,100.0,17.42,17.42,17.42,674.92,24.85,100.0,21.5,21.5,21.5,829.23,0.02,100.0,-1.89,-1.89,Classical PSO,17.44,17.44,QPSO
343,97680,19,5,113.1,8.5,incident,29,53,15.04,15.04,15.04,672.95,45.45,100.0,16.25,16.25,16.25,717.05,29.27,100.0,22.12,22.12,22.12,998.16,0.04,100.0,7.45,7.45,QPSO,31.98,31.98,QPSO
344,28124,10,5,96.6,17.5,uniform,35,58,10.21,10.21,10.21,439.69,48.49,100.0,10.96,10.96,10.96,494.4,54.22,100.0,12.76,12.76,12.76,522.58,0.01,100.0,6.82,6.82,QPSO,19.92,19.92,QPSO
345,38923,19,5,117.6,8.5,rush_hour,26,57,26.76,26.76,26.76,644.93,43.28,100.0,27.13,27.13,27.13,742.79,30.45,100.0,28.48,28.48,28.48,699.81,0.01,100.0,1.37,1.37,QPSO,6.06,6.06,QPSO
346,86969,12,5,82.5,8.5,incident,37,71,13.8,13.8,13.8,524.03,47.4,100.0,13.73,13.73,13.73,553.27,37.77,100.0,17.49,17.49,17.49,707.84,0.01,100.0,-0.51,-0.51,Classical PSO,21.12,21.12,QPSO
347,19634,19,5,101.4,13.0,uniform,45,45,16.74,16.74,16.74,673.69,39.51,100.0,17.28,17.28,17.28,708.89,41.18,100.0,19.36,19.36,19.36,738.1,0.01,100.0,3.15,3.15,QPSO,13.55,13.55,QPSO
348,53802,18,5,104.7,13.0,rush_hour,35,77,10.58,10.58,10.58,477.01,75.37,100.0,13.68,13.68,13.68,613.97,42.07,100.0,12.06,12.06,12.06,539.63,0.01,100.0,22.69,22.69,QPSO,12.32,12.32,QPSO
349,1324,11,5,101.7,9.0,uniform,42,65,10.68,10.68,10.68,510.88,44.34,100.0,10.34,10.34,10.34,507.01,41.16,100.0,13.91,13.91,13.91,671.01,0.01,100.0,-3.28,-3.28,Classical PSO,23.26,23.26,QPSO
350,29551,16,5,94.7,9.0,rush_hour,42,76,16.76,16.76,16.76,497.84,77.69,100.0,17.79,17.79,17.79,545.94,42.19,100.0,21.87,21.87,21.87,633.16,0.01,100.0,5.82,5.82,QPSO,23.36,23.36,QPSO
351,18117,19,5,109.4,8.0,uniform,45,69,12.12,12.12,12.12,496.18,57.47,100.0,15.08,15.08,15.08,632.52,32.17,100.0,16.76,16.76,16.76,674.66,0.01,100.0,19.62,19.62,QPSO,27.66,27.66,QPSO
352,3134,11,3,92.1,13.0,uniform,29,59,12.44,12.44,12.44,451.76,32.95,100.0,13.08,13.08,13.08,452.81,31.61,100.0,16.38,16.38,16.38,566.64,0.01,100.0,4.89,4.89,QPSO,24.06,24.06,QPSO
353,21837,14,5,102.7,8.0,rush_hour,45,50,18.62,18.62,18.62,431.06,43.46,100.0,18.89,18.89,18.89,450.22,20.59,100.0,23.04,23.04,23.04,598.03,0.01,100.0,1.4,1.4,QPSO,19.18,19.18,QPSO
354,7787,16,4,106.3,13.0,incident,27,46,12.87,12.87,12.87,540.93,29.4,100.0,14.95,14.95,14.95,577.27,29.37,100.0,17.73,17.73,17.73,694.02,0.01,100.0,13.91,13.91,QPSO,27.39,27.39,QPSO
355,1142,13,5,73.9,17.5,incident,39,40,13.23,13.23,13.23,483.48,24.64,100.0,15.29,15.29,15.29,586.76,20.32,100.0,17.41,17.41,17.41,688.55,0.02,100.0,13.48,13.48,QPSO,24.03,24.03,QPSO
356,2056,15,5,119.4,18.0,uniform,40,44,11.46,11.46,11.46,478.81,33.85,100.0,12.62,12.62,12.62,490.95,17.17,100.0,15.63,15.63,15.63,631.5,0.01,100.0,9.14,9.14,QPSO,26.65,26.65,QPSO
357,31008,16,4,106.5,8.0,rush_hour,36,59,17.35,17.35,17.35,497.04,65.09,100.0,17.97,17.97,17.97,539.94,37.33,100.0,23.68,23.68,23.68,699.01,0.01,100.0,3.43,3.43,QPSO,26.73,26.73,QPSO
358,18973,16,4,102.1,8.0,incident,43,40,11.83,11.83,11.83,587.7,35.29,100.0,12.37,12.37,12.37,602.36,26.75,100.0,15.64,15.64,15.64,717.7,0.01,100.0,4.4,4.4,QPSO,24.4,24.4,QPSO
359,80995,20,6,92.0,18.0,incident,29,66,14.54,14.54,14.54,549.41,57.82,100.0,16.92,16.92,16.92,657.39,36.34,100.0,16.78,16.78,16.78,652.8,0.01,100.0,14.09,14.09,QPSO,13.38,13.38,QPSO
360,81750,20,5,113.0,8.0,uniform,28,77,14.57,14.57,14.57,619.38,58.06,100.0,14.56,14.56,14.56,603.77,43.94,100.0,17.68,17.68,17.68,700.4,0.01,100.0,-0.06,-0.06,Classical PSO,17.59,17.59,QPSO
361,96683,16,5,118.2,8.5,uniform,33,45,12.86,12.86,12.86,527.42,34.93,100.0,14.45,14.45,14.45,612.87,22.68,100.0,17.64,17.64,17.64,667.09,0.04,100.0,11.01,11.01,QPSO,27.14,27.14,QPSO
362,33527,18,5,108.9,18.0,rush_hour,31,73,14.17,14.17,14.17,584.69,62.84,100.0,15.15,15.15,15.15,606.54,44.33,100.0,17.86,17.86,17.86,713.82,0.02,100.0,6.48,6.48,QPSO,20.67,20.67,QPSO
363,80551,18,5,107.4,18.0,uniform,32,71,9.68,9.68,9.68,417.53,67.5,100.0,10.23,10.23,10.23,430.37,35.44,100.0,13.31,13.31,13.31,560.7,0.01,100.0,5.32,5.32,QPSO,27.23,27.23,QPSO
364,51578,11,5,95.0,8.0,incident,25,63,10.54,10.54,10.54,411.58,38.32,100.0,10.52,10.52,10.52,402.6,30.42,100.0,12.89,12.89,12.89,468.68,0.01,100.0,-0.13,-0.13,Classical PSO,18.23,18.23,QPSO
365,42480,12,5,113.0,13.0,rush_hour,42,51,10.79,10.79,10.79,483.58,33.32,100.0,11.06,11.06,11.06,500.01,21.86,100.0,14.32,14.32,14.32,654.31,0.0,100.0,2.48,2.48,QPSO,24.66,24.66,QPSO
366,62736,11,3,99.4,9.0,uniform,26,43,9.97,9.97,9.97,398.35,28.12,100.0,11.36,11.36,11.36,449.22,22.47,100.0,13.86,13.86,13.86,566.63,0.01,100.0,12.27,12.27,QPSO,28.07,28.07,QPSO
367,53163,18,5,101.4,13.0,incident,37,45,15.02,15.02,15.02,659.77,58.87,100.0,15.74,15.74,15.74,696.31,23.79,100.0,17.19,17.19,17.19,739.4,0.01,100.0,4.58,4.58,QPSO,12.65,12.65,QPSO
368,84956,18,6,83.9,8.0,incident,31,49,15.47,15.47,15.47,703.73,38.86,100.0,17.91,17.91,17.91,831.74,18.05,100.0,20.52,20.52,20.52,932.58,0.01,100.0,13.65,13.65,QPSO,24.63,24.63,QPSO
369,71305,15,4,99.3,9.0,incident,38,55,13.44,13.44,13.44,545.98,39.55,100.0,14.83,14.83,14.83,585.42,31.98,100.0,16.79,16.79,16.79,701.18,0.01,100.0,9.37,9.37,QPSO,19.94,19.94,QPSO
370,8589,13,3,116.2,13.0,incident,44,43,10.22,10.22,10.22,404.15,24.11,100.0,10.67,10.67,10.67,401.56,19.38,100.0,15.77,15.77,15.77,602.37,0.02,100.0,4.13,4.13,QPSO,35.18,35.18,QPSO
371,41539,20,7,76.0,18.0,uniform,30,71,21.5,21.5,21.5,922.94,61.65,100.0,20.9,20.9,20.9,903.07,46.85,100.0,27.86,27.86,27.86,1209.73,0.04,100.0,-2.89,-2.89,Classical PSO,22.84,22.84,QPSO
372,46443,18,6,78.3,18.0,rush_hour,28,41,17.45,17.45,17.45,737.1,28.4,100.0,19.05,19.05,19.05,790.33,20.39,100.0,20.89,20.89,20.89,857.31,0.01,100.0,8.41,8.41,QPSO,16.48,16.48,QPSO
373,44910,16,5,96.2,18.0,incident,45,44,16.44,16.44,16.44,711.24,26.54,100.0,16.24,16.24,16.24,722.27,17.6,100.0,18.33,18.33,18.33,819.35,0.01,100.0,-1.19,-1.19,Classical PSO,10.35,10.35,QPSO
374,66031,17,6,72.8,9.0,uniform,33,46,16.13,16.13,16.13,689.0,33.02,100.0,16.28,16.28,16.28,692.91,23.13,100.0,23.58,23.58,23.58,1052.11,0.04,100.0,0.91,0.91,QPSO,31.58,31.58,QPSO
375,76223,20,7,81.4,8.0,uniform,32,42,17.1,17.1,17.1,744.58,27.68,100.0,16.95,16.95,16.95,753.48,28.17,100.0,22.14,22.14,22.14,1001.54,0.01,100.0,-0.88,-0.88,Classical PSO,22.75,22.75,QPSO
376,62835,15,4,116.0,8.0,incident,45,66,14.06,14.06,14.06,518.09,53.63,100.0,14.01,14.01,14.01,515.09,36.47,100.0,14.93,14.93,14.93,548.11,0.01,100.0,-0.3,-0.3,Classical PSO,5.84,5.84,QPSO
377,30427,15,5,90.8,9.0,uniform,43,63,12.61,12.61,12.61,506.83,51.56,100.0,13.7,13.7,13.7,535.36,22.84,100.0,15.56,15.56,15.56,677.48,0.01,100.0,7.93,7.93,QPSO,18.97,18.97,QPSO
378,16650,18,6,79.0,13.0,uniform,39,58,15.99,15.99,15.99,641.3,75.16,100.0,17.2,17.2,17.2,664.94,40.76,100.0,22.14,22.14,22.14,820.75,0.04,100.0,7.05,7.05,QPSO,27.8,27.8,QPSO
379,41723,15,4,97.7,9.0,uniform,34,76,10.42,10.42,10.42,542.8,49.47,100.0,11.96,11.96,11.96,606.98,44.69,100.0,13.74,13.74,13.74,724.29,0.01,100.0,12.85,12.85,QPSO,24.16,24.16,QPSO
380,40834,19,6,93.2,8.5,incident,42,55,13.39,13.39,13.39,572.64,57.32,100.0,14.89,14.89,14.89,634.07,32.34,100.0,15.46,15.46,15.46,619.64,0.01,100.0,10.06,10.06,QPSO,13.39,13.39,QPSO
381,20735,10,5,71.2,18.0,incident,25,61,11.85,11.85,11.85,507.33,72.44,100.0,11.9,11.9,11.9,511.96,75.84,100.0,14.47,14.47,14.47,660.71,0.09,100.0,0.45,0.45,QPSO,18.11,18.11,QPSO
382,1191,20,5,112.5,8.0,uniform,41,55,18.66,18.66,18.66,716.67,78.59,100.0,20.86,20.86,20.86,805.78,52.92,100.0,20.21,20.21,20.21,764.48,0.01,100.0,10.55,10.55,QPSO,7.7,7.7,QPSO
383,56026,17,4,118.6,18.0,rush_hour,27,42,15.15,15.15,15.15,663.5,50.32,100.0,16.84,16.84,16.84,705.07,31.54,100.0,17.62,17.62,17.62,753.81,0.06,100.0,10.03,10.03,QPSO,13.99,13.99,QPSO
384,31339,18,5,105.0,13.0,incident,27,77,12.82,12.82,12.82,559.4,126.93,100.0,15.39,15.39,15.39,663.78,73.79,100.0,16.37,16.37,16.37,667.93,0.01,100.0,16.67,16.67,QPSO,21.67,21.67,QPSO
385,13527,18,5,101.9,8.0,incident,43,43,13.9,13.9,13.9,608.36,61.5,100.0,15.61,15.61,15.61,703.79,33.98,100.0,22.16,22.16,22.16,909.26,0.01,100.0,10.98,10.98,QPSO,37.28,37.28,QPSO
386,58014,20,7,81.8,9.0,rush_hour,35,60,23.71,23.71,23.71,700.23,75.23,100.0,27.3,27.3,27.3,792.99,49.25,100.0,30.69,30.69,30.69,847.8,0.01,100.0,13.14,13.14,QPSO,22.74,22.74,QPSO
387,60343,14,5,73.7,8.5,incident,28,49,10.95,10.95,10.95,432.91,56.7,100.0,11.55,11.55,11.55,447.91,49.23,100.0,13.99,13.99,13.99,505.64,0.01,100.0,5.17,5.17,QPSO,21.75,21.75,QPSO
388,14848,12,5,93.3,8.0,incident,36,53,12.4,12.4,12.4,483.31,54.21,100.0,12.4,12.4,12.4,483.31,41.11,100.0,15.61,15.61,15.61,555.33,0.0,100.0,-0.0,0.0,Tie,20.53,20.53,QPSO
389,60233,14,5,83.3,8.0,uniform,34,78,11.41,11.41,11.41,462.12,91.05,100.0,12.46,12.46,12.46,523.55,66.99,100.0,14.47,14.47,14.47,582.86,0.01,100.0,8.42,8.42,QPSO,21.15,21.15,QPSO
390,6286,13,5,77.4,9.0,rush_hour,41,43,21.88,21.88,21.88,521.48,46.62,100.0,21.68,21.68,21.68,542.12,39.46,100.0,25.98,25.98,25.98,617.9,0.01,100.0,-0.92,-0.92,Classical PSO,15.78,15.78,QPSO
391,89759,14,4,111.0,8.0,rush_hour,39,75,16.71,16.71,16.71,451.13,78.56,100.0,17.57,17.57,17.57,457.53,97.27,100.0,17.04,17.04,17.04,457.87,0.01,100.0,4.86,4.86,QPSO,1.91,1.91,QPSO
392,99052,18,7,74.7,8.5,uniform,25,43,15.69,15.69,15.69,750.65,43.87,100.0,16.87,16.87,16.87,808.57,36.74,100.0,17.4,17.4,17.4,851.79,0.01,100.0,6.99,6.99,QPSO,9.84,9.84,QPSO
393,30135,12,4,111.2,18.0,incident,45,45,9.34,9.34,9.34,385.81,47.96,100.0,8.92,8.92,8.92,342.28,47.14,100.0,11.91,11.91,11.91,465.25,0.0,100.0,-4.78,-4.78,Classical PSO,21.52,21.52,QPSO
394,77326,19,5,115.9,8.0,uniform,31,68,17.05,17.05,17.05,719.25,83.78,100.0,17.41,17.41,17.41,748.09,59.5,100.0,18.0,18.0,18.0,726.06,0.02,100.0,2.03,2.03,QPSO,5.26,5.26,QPSO
395,17880,11,5,76.1,8.0,uniform,43,67,13.89,13.89,13.89,578.95,70.3,100.0,13.18,13.18,13.18,550.23,63.48,100.0,14.22,14.22,14.22,585.35,0.0,100.0,-5.35,-5.35,Classical PSO,2.34,2.34,QPSO
396,95952,16,6,71.5,8.5,rush_hour,31,51,27.09,27.09,27.09,633.95,61.46,100.0,27.97,27.97,27.97,708.09,44.2,100.0,32.09,32.09,32.09,771.68,0.01,100.0,3.16,3.16,QPSO,15.59,15.59,QPSO
397,37042,14,4,114.2,17.5,incident,44,55,12.85,12.85,12.85,498.48,86.24,100.0,13.12,13.12,13.12,546.47,59.66,100.0,14.68,14.68,14.68,628.24,0.01,100.0,2.06,2.06,QPSO,12.44,12.44,QPSO
398,85840,14,5,90.6,8.0,uniform,33,64,12.3,12.3,12.3,500.25,75.75,100.0,11.2,11.2,11.2,465.63,67.21,100.0,14.43,14.43,14.43,595.71,0.01,100.0,-9.77,-9.77,Classical PSO,14.77,14.77,QPSO
399,18987,16,4,102.1,18.0,incident,25,64,12.59,12.59,12.59,504.06,65.19,100.0,13.48,13.48,13.48,548.15,59.38,100.0,16.53,16.53,16.53,715.8,0.01,100.0,6.58,6.58,QPSO,23.83,23.83,QPSO
400,94502,15,5,97.2,9.0,incident,41,60,11.26,11.26,11.26,441.54,74.97,100.0,13.43,13.43,13.43,585.09,45.84,100.0,16.75,16.75,16.75,669.34,0.01,100.0,16.17,16.17,QPSO,32.76,32.76,QPSO
401,51905,14,5,71.3,8.0,rush_hour,26,70,22.17,22.17,22.17,679.95,49.49,100.0,22.61,22.61,22.61,669.66,36.92,100.0,27.2,27.2,27.2,887.65,0.01,100.0,1.95,1.95,QPSO,18.51,18.51,QPSO
402,70393,15,4,118.7,8.5,incident,32,57,11.3,11.3,11.3,471.83,34.82,100.0,11.8,11.8,11.8,480.35,35.8,100.0,16.4,16.4,16.4,668.14,0.01,100.0,4.24,4.24,QPSO,31.11,31.11,QPSO
403,70951,10,4,98.8,9.0,uniform,30,55,11.65,11.65,11.65,453.81,32.79,100.0,11.56,11.56,11.56,480.0,25.69,100.0,14.57,14.57,14.57,614.86,0.01,100.0,-0.76,-0.76,Classical PSO,20.07,20.07,QPSO
404,78662,15,4,115.7,18.0,incident,36,76,13.88,13.88,13.88,594.55,73.71,100.0,16.73,16.73,16.73,691.21,41.45,100.0,17.96,17.96,17.96,709.84,0.01,100.0,17.05,17.05,QPSO,22.72,22.72,QPSO
405,74873,12,4,111.8,17.5,rush_hour,30,71,10.22,10.22,10.22,445.65,45.45,100.0,10.32,10.32,10.32,435.77,38.79,100.0,13.94,13.94,13.94,561.44,0.01,100.0,0.95,0.95,QPSO,26.69,26.69,QPSO
406,5975,11,4,81.6,8.0,incident,40,40,10.54,10.54,10.54,418.97,26.15,100.0,10.92,10.92,10.92,403.24,17.7,100.0,12.98,12.98,12.98,525.74,0.01,100.0,3.5,3.5,QPSO,18.78,18.78,QPSO
407,44481,19,5,110.3,18.0,uniform,35,43,14.96,14.96,14.96,581.66,33.29,100.0,17.5,17.5,17.5,672.82,18.32,100.0,19.43,19.43,19.43,780.96,0.01,100.0,14.53,14.53,QPSO,23.04,23.04,QPSO
408,3872,12,5,108.7,9.0,uniform,36,65,12.0,12.0,12.0,411.23,38.21,100.0,11.94,11.94,11.94,402.86,38.96,100.0,13.12,13.12,13.12,490.9,0.01,100.0,-0.48,-0.48,Classical PSO,8.58,8.58,QPSO
409,77810,11,4,85.1,8.5,incident,38,80,13.16,13.16,13.16,494.53,50.09,100.0,13.16,13.16,13.16,494.53,48.54,100.0,14.81,14.81,14.81,619.92,0.01,100.0,0.0,0.0,Tie,11.15,11.15,QPSO
410,64858,20,7,78.7,8.5,incident,43,51,17.68,17.68,17.68,690.96,45.33,100.0,19.55,19.55,19.55,795.45,21.49,100.0,22.09,22.09,22.09,949.73,0.01,100.0,9.55,9.55,QPSO,19.96,19.96,QPSO
411,50595,14,5,76.4,18.0,incident,37,76,10.04,10.04,10.04,397.27,54.55,100.0,10.81,10.81,10.81,441.99,30.61,100.0,11.35,11.35,11.35,447.35,0.01,100.0,7.17,7.17,QPSO,11.59,11.59,QPSO
412,5244,12,5,116.1,8.5,incident,43,46,8.73,8.73,8.73,377.78,34.58,100.0,8.52,8.52,8.52,361.59,31.63,100.0,9.99,9.99,9.99,449.24,0.04,100.0,-2.44,-2.44,Classical PSO,12.6,12.6,QPSO
413,66035,12,3,107.3,9.0,rush_hour,30,80,17.87,17.87,17.87,483.99,50.61,100.0,19.25,19.25,19.25,540.28,56.15,100.0,20.1,20.1,20.1,531.07,0.0,100.0,7.19,7.19,QPSO,11.12,11.12,QPSO
414,12629,20,6,92.3,8.5,uniform,27,62,15.06,15.06,15.06,605.92,45.8,100.0,18.04,18.04,18.04,790.73,32.16,100.0,19.51,19.51,19.51,842.72,0.01,100.0,16.51,16.51,QPSO,22.8,22.8,QPSO
415,34640,11,5,72.4,18.0,rush_hour,30,66,10.1,10.1,10.1,447.27,53.22,100.0,10.58,10.58,10.58,470.68,68.49,100.0,11.79,11.79,11.79,496.13,0.0,100.0,4.48,4.48,QPSO,14.31,14.31,QPSO
416,65629,16,5,97.3,13.0,incident,45,54,17.17,17.17,17.17,702.69,33.75,100.0,18.03,18.03,18.03,726.41,32.74,100.0,19.03,19.03,19.03,756.44,0.01,100.0,4.76,4.76,QPSO,9.75,9.75,QPSO
417,22319,17,4,110.0,9.0,uniform,35,56,14.25,14.25,14.25,512.68,60.29,100.0,15.91,15.91,15.91,592.85,34.23,100.0,18.44,18.44,18.44,694.14,0.01,100.0,10.43,10.43,QPSO,22.72,22.72,QPSO
418,14726,11,5,78.5,8.5,incident,27,75,14.59,14.59,14.59,599.14,36.26,100.0,14.07,14.07,14.07,591.19,46.89,100.0,15.47,15.47,15.47,650.89,0.01,100.0,-3.71,-3.71,Classical PSO,5.69,5.69,QPSO
419,13203,15,5,105.2,18.0,uniform,44,67,13.53,13.53,13.53,537.45,59.07,100.0,15.27,15.27,15.27,626.9,35.84,100.0,17.47,17.47,17.47,797.8,0.01,100.0,11.44,11.44,QPSO,22.58,22.58,QPSO
420,21591,10,3,86.6,13.0,incident,42,74,10.75,10.75,10.75,399.53,51.55,100.0,10.75,10.75,10.75,399.53,44.14,100.0,16.31,16.31,16.31,698.24,0.01,100.0,-0.0,0.0,Tie,34.13,34.13,QPSO
421,35768,20,6,84.9,8.0,rush_hour,43,75,24.77,24.77,24.77,697.73,110.06,100.0,30.68,30.68,30.68,857.88,85.39,100.0,29.14,29.14,29.14,797.96,0.08,100.0,19.27,19.27,QPSO,15.0,15.0,QPSO
422,65349,12,5,88.0,8.0,rush_hour,45,78,18.3,18.3,18.3,461.31,104.59,100.0,19.2,19.2,19.2,501.37,71.25,100.0,22.36,22.36,22.36,547.28,0.0,100.0,4.69,4.69,QPSO,18.15,18.15,QPSO
423,63957,13,5,71.3,18.0,rush_hour,27,70,11.39,11.39,11.39,518.35,105.84,100.0,12.69,12.69,12.69,556.03,64.8,100.0,13.26,13.26,13.26,627.9,0.01,100.0,10.22,10.22,QPSO,14.08,14.08,QPSO
424,16139,14,5,93.5,8.0,incident,42,64,14.14,14.14,14.14,559.43,81.16,100.0,12.38,12.38,12.38,472.96,54.18,100.0,17.26,17.26,17.26,724.01,0.01,100.0,-14.25,-14.25,Classical PSO,18.04,18.04,QPSO
425,25232,15,5,88.5,8.0,rush_hour,39,69,21.03,21.03,21.03,588.51,83.89,100.0,22.19,22.19,22.19,625.46,54.07,100.0,23.29,23.29,23.29,613.41,0.01,100.0,5.22,5.22,QPSO,9.68,9.68,QPSO
426,35524,13,4,98.2,18.0,incident,28,45,9.7,9.7,9.7,425.83,45.93,100.0,10.53,10.53,10.53,473.32,45.8,100.0,10.81,10.81,10.81,479.82,0.01,100.0,7.88,7.88,QPSO,10.3,10.3,QPSO
427,88574,15,4,118.5,17.5,uniform,37,73,11.95,11.95,11.95,448.06,77.07,100.0,11.95,11.95,11.95,448.06,61.9,100.0,15.01,15.01,15.01,587.8,0.01,100.0,0.0,0.0,Tie,20.39,20.39,QPSO
428,55870,18,5,98.6,13.0,rush_hour,27,65,15.04,15.04,15.04,579.41,83.12,100.0,17.95,17.95,17.95,714.35,56.18,100.0,20.68,20.68,20.68,877.71,0.01,100.0,16.2,16.2,QPSO,27.27,27.27,QPSO
429,94625,10,5,76.0,8.5,uniform,31,52,10.66,10.66,10.66,422.77,70.84,100.0,10.66,10.66,10.66,422.77,45.26,100.0,11.51,11.51,11.51,456.68,0.11,100.0,0.0,0.0,Tie,7.41,7.41,QPSO
430,17539,10,5,73.9,8.5,incident,29,78,12.32,12.32,12.32,544.29,68.63,100.0,12.27,12.27,12.27,505.2,64.88,100.0,13.75,13.75,13.75,537.38,0.01,100.0,-0.4,-0.4,Classical PSO,10.39,10.39,QPSO
431,34801,15,6,74.4,17.5,rush_hour,33,73,11.53,11.53,11.53,484.92,93.31,100.0,12.27,12.27,12.27,545.3,63.23,100.0,14.18,14.18,14.18,585.48,0.01,100.0,6.03,6.03,QPSO,18.72,18.72,QPSO
432,61051,10,4,75.6,8.5,incident,43,77,9.49,9.49,9.49,291.43,91.05,100.0,10.18,10.18,10.18,327.65,70.97,100.0,9.68,9.68,9.68,296.9,0.0,100.0,6.81,6.81,QPSO,2.02,2.02,QPSO
433,14133,11,5,109.3,9.0,rush_hour,33,64,14.38,14.38,14.38,375.11,67.41,100.0,16.43,16.43,16.43,432.12,50.01,100.0,19.14,19.14,19.14,484.97,0.0,100.0,12.45,12.45,QPSO,24.85,24.85,QPSO
434,86824,17,6,71.9,13.0,uniform,44,78,18.12,18.12,18.12,712.86,108.11,100.0,20.56,20.56,20.56,821.14,60.47,100.0,19.72,19.72,19.72,782.32,0.01,100.0,11.85,11.85,QPSO,8.12,8.12,QPSO
435,90235,16,5,89.8,18.0,uniform,26,70,13.84,13.84,13.84,569.23,87.89,100.0,14.28,14.28,14.28,621.29,95.97,100.0,19.78,19.78,19.78,814.18,0.01,100.0,3.09,3.09,QPSO,30.03,30.03,QPSO
436,36203,15,5,86.9,9.0,rush_hour,40,46,22.01,22.01,22.01,616.46,56.69,100.0,22.05,22.05,22.05,615.21,41.52,100.0,23.39,23.39,23.39,664.83,0.01,100.0,0.18,0.18,QPSO,5.89,5.89,QPSO
437,30878,12,4,118.7,9.0,rush_hour,38,78,15.84,15.84,15.84,441.79,87.82,100.0,15.72,15.72,15.72,418.78,74.02,100.0,15.84,15.84,15.84,441.79,0.01,100.0,-0.79,-0.79,Classical PSO,0.0,0.0,Tie
438,85614,11,4,92.1,18.0,rush_hour,41,63,9.2,9.2,9.2,407.17,75.12,100.0,10.38,10.38,10.38,445.49,56.21,100.0,10.64,10.64,10.64,471.5,0.01,100.0,11.41,11.41,QPSO,13.52,13.52,QPSO
439,8367,18,7,73.3,8.5,incident,43,41,17.31,17.31,17.31,650.89,46.34,100.0,18.98,18.98,18.98,671.65,28.07,100.0,22.93,22.93,22.93,854.03,0.01,100.0,8.78,8.78,QPSO,24.53,24.53,QPSO
440,23772,13,3,111.8,8.0,rush_hour,26,63,15.16,15.16,15.16,405.39,70.32,100.0,15.72,15.72,15.72,426.83,59.22,100.0,15.97,15.97,15.97,450.65,0.01,100.0,3.59,3.59,QPSO,5.04,5.04,QPSO
441,93357,13,5,88.4,17.5,rush_hour,45,47,10.25,10.25,10.25,493.28,46.51,100.0,11.32,11.32,11.32,530.23,39.38,100.0,14.92,14.92,14.92,708.06,0.02,100.0,9.45,9.45,QPSO,31.29,31.29,QPSO
442,90282,10,5,88.6,13.0,uniform,40,77,9.64,9.64,9.64,411.76,110.34,100.0,9.14,9.14,9.14,398.1,94.33,100.0,12.64,12.64,12.64,516.84,0.01,100.0,-5.47,-5.47,Classical PSO,23.77,23.77,QPSO
443,73264,15,5,78.2,18.0,incident,27,58,15.62,15.62,15.62,558.98,64.53,100.0,16.41,16.41,16.41,668.02,50.06,100.0,20.23,20.23,20.23,758.23,0.01,100.0,4.8,4.8,QPSO,22.77,22.77,QPSO
444,4597,16,6,78.1,8.5,incident,32,53,15.97,15.97,15.97,555.01,55.71,100.0,16.9,16.9,16.9,631.4,44.49,100.0,20.2,20.2,20.2,718.54,0.01,100.0,5.51,5.51,QPSO,20.96,20.96,QPSO
445,36269,20,6,95.7,13.0,uniform,45,51,18.01,18.01,18.01,793.67,74.79,100.0,17.7,17.7,17.7,757.99,46.02,100.0,24.45,24.45,24.45,1091.72,0.39,100.0,-1.77,-1.77,Classical PSO,26.34,26.34,QPSO
446,79792,10,5,82.6,18.0,incident,45,57,10.26,10.26,10.26,424.96,64.99,100.0,10.84,10.84,10.84,453.86,47.15,100.0,12.55,12.55,12.55,501.61,0.01,100.0,5.37,5.37,QPSO,18.25,18.25,QPSO
447,56549,16,5,92.9,13.0,rush_hour,41,79,11.49,11.49,11.49,515.52,91.21,100.0,13.22,13.22,13.22,553.11,65.84,100.0,14.47,14.47,14.47,631.21,0.01,100.0,13.06,13.06,QPSO,20.56,20.56,QPSO
448,53055,19,7,70.4,17.5,incident,44,78,18.06,18.06,18.06,765.8,123.01,100.0,18.28,18.28,18.28,836.56,65.25,100.0,21.78,21.78,21.78,931.02,0.01,100.0,1.22,1.22,QPSO,17.09,17.09,QPSO
449,38051,14,5,94.1,9.0,incident,35,57,13.73,13.73,13.73,539.47,56.69,100.0,12.87,12.87,12.87,522.25,46.7,100.0,19.08,19.08,19.08,765.18,0.01,100.0,-6.67,-6.67,Classical PSO,28.01,28.01,QPSO
450,35229,20,7,79.4,8.0,incident,37,60,21.05,21.05,21.05,898.35,85.5,100.0,22.33,22.33,22.33,898.09,52.84,100.0,23.8,23.8,23.8,955.85,0.01,100.0,5.73,5.73,QPSO,11.56,11.56,QPSO
451,90228,12,4,102.8,9.0,rush_hour,37,64,14.08,14.08,14.08,390.79,78.62,100.0,15.47,15.47,15.47,425.35,58.92,100.0,18.59,18.59,18.59,572.72,0.01,100.0,8.98,8.98,QPSO,24.23,24.23,QPSO
452,97564,10,5,87.2,8.5,incident,42,80,11.42,11.42,11.42,445.89,78.16,100.0,11.63,11.63,11.63,454.43,75.61,100.0,13.64,13.64,13.64,544.91,0.01,100.0,1.8,1.8,QPSO,16.26,16.26,QPSO
453,63355,20,6,95.4,18.0,incident,30,58,16.84,16.84,16.84,688.15,72.68,100.0,20.41,20.41,20.41,816.49,45.32,100.0,23.11,23.11,23.11,1006.49,0.1,100.0,17.46,17.46,QPSO,27.12,27.12,QPSO
454,13793,17,4,107.0,18.0,rush_hour,45,45,12.24,12.24,12.24,503.77,81.35,100.0,13.09,13.09,13.09,561.51,46.52,100.0,15.08,15.08,15.08,590.93,0.01,100.0,6.45,6.45,QPSO,18.8,18.8,QPSO
455,30131,15,5,107.2,13.0,rush_hour,36,56,11.82,11.82,11.82,517.72,76.94,100.0,10.22,10.22,10.22,448.33,54.27,100.0,14.54,14.54,14.54,657.53,0.01,100.0,-15.65,-15.65,Classical PSO,18.7,18.7,QPSO
456,77751,14,5,112.6,8.0,incident,43,77,10.45,10.45,10.45,429.03,89.04,100.0,9.95,9.95,9.95,410.01,76.23,100.0,15.12,15.12,15.12,590.97,0.01,100.0,-4.98,-4.98,Classical PSO,30.89,30.89,QPSO
457,82350,11,5,114.5,8.0,incident,37,73,12.13,12.13,12.13,510.35,84.93,100.0,12.05,12.05,12.05,487.47,60.37,100.0,16.36,16.36,16.36,667.04,0.01,100.0,-0.69,-0.69,Classical PSO,25.83,25.83,QPSO
458,40106,16,4,113.5,8.5,uniform,35,66,12.56,12.56,12.56,480.19,65.37,100.0,13.12,13.12,13.12,484.78,51.17,100.0,17.08,17.08,17.08,755.73,0.01,100.0,4.28,4.28,QPSO,26.44,26.44,QPSO
459,75632,17,5,85.8,8.0,rush_hour,35,80,18.32,18.32,18.32,585.5,130.13,100.0,19.42,19.42,19.42,645.13,73.36,100.0,25.04,25.04,25.04,797.5,0.01,100.0,5.65,5.65,QPSO,26.81,26.81,QPSO
460,24176,15,6,70.2,8.5,uniform,43,50,16.18,16.18,16.18,642.98,103.87,100.0,16.49,16.49,16.49,667.05,54.94,100.0,19.05,19.05,19.05,724.36,0.01,100.0,1.88,1.88,QPSO,15.06,15.06,QPSO
461,65169,11,5,100.7,13.0,rush_hour,38,70,8.49,8.49,8.49,349.12,92.14,100.0,8.1,8.1,8.1,308.72,89.95,100.0,11.8,11.8,11.8,443.81,0.01,100.0,-4.9,-4.9,Classical PSO,28.03,28.03,QPSO
462,51242,10,5,96.7,9.0,uniform,35,73,9.41,9.41,9.41,397.84,75.15,100.0,9.41,9.41,9.41,397.84,72.86,100.0,9.68,9.68,9.68,410.89,0.01,100.0,-0.0,0.0,Tie,2.81,2.81,QPSO
463,25979,10,3,101.3,8.5,incident,36,59,9.77,9.77,9.77,352.33,50.37,100.0,9.5,9.5,9.5,303.41,48.43,100.0,11.49,11.49,11.49,393.47,0.02,100.0,-2.89,-2.89,Classical PSO,14.94,14.94,QPSO
464,17899,11,4,95.2,8.5,uniform,26,59,10.35,10.35,10.35,428.06,65.79,100.0,9.29,9.29,9.29,354.73,46.73,100.0,14.1,14.1,14.1,586.12,0.0,100.0,-11.38,-11.38,Classical PSO,26.58,26.58,QPSO
465,39119,17,5,91.7,9.0,rush_hour,36,52,22.52,22.52,22.52,585.6,68.92,100.0,25.77,25.77,25.77,682.98,50.52,100.0,25.65,25.65,25.65,662.77,0.01,100.0,12.6,12.6,QPSO,12.19,12.19,QPSO
466,22611,16,5,81.4,8.5,incident,25,77,16.06,16.06,16.06,627.27,81.49,100.0,16.12,16.12,16.12,667.15,64.2,100.0,18.39,18.39,18.39,763.25,0.01,100.0,0.38,0.38,QPSO,12.67,12.67,QPSO
467,67143,12,4,88.3,13.0,incident,33,74,10.8,10.8,10.8,498.3,78.61,100.0,12.03,12.03,12.03,525.29,61.6,100.0,14.32,14.32,14.32,629.07,0.01,100.0,10.26,10.26,QPSO,24.58,24.58,QPSO
468,82675,10,5,103.1,8.0,uniform,28,66,10.23,10.23,10.23,419.84,62.94,100.0,10.45,10.45,10.45,389.82,80.78,100.0,11.72,11.72,11.72,474.86,0.0,100.0,2.08,2.08,QPSO,12.7,12.7,QPSO
469,59237,16,5,97.4,18.0,uniform,31,80,10.92,10.92,10.92,481.58,97.17,100.0,13.45,13.45,13.45,600.45,66.28,100.0,18.71,18.71,18.71,847.56,0.06,100.0,18.77,18.77,QPSO,41.62,41.62,QPSO
470,2219,14,5,103.1,17.5,incident,29,66,11.67,11.67,11.67,493.89,66.65,100.0,11.67,11.67,11.67,493.89,59.81,100.0,16.37,16.37,16.37,651.5,0.01,100.0,0.0,0.0,Tie,28.73,28.73,QPSO
471,14751,18,6,84.1,13.0,uniform,44,52,14.49,14.49,14.49,571.08,64.07,100.0,16.79,16.79,16.79,686.13,50.65,100.0,21.33,21.33,21.33,905.88,0.01,100.0,13.67,13.67,QPSO,32.05,32.05,QPSO
472,35471,18,6,87.9,9.0,uniform,26,75,13.62,13.62,13.62,589.91,77.21,100.0,16.67,16.67,16.67,725.06,54.51,100.0,18.05,18.05,18.05,790.31,0.02,100.0,18.33,18.33,QPSO,24.55,24.55,QPSO
473,66058,13,4,86.5,8.0,incident,27,47,12.97,12.97,12.97,587.28,55.23,100.0,13.77,13.77,13.77,598.29,58.72,100.0,14.97,14.97,14.97,662.32,0.01,100.0,5.81,5.81,QPSO,13.35,13.35,QPSO
474,76255,20,7,77.5,17.5,uniform,28,56,18.99,18.99,18.99,690.73,80.52,100.0,20.33,20.33,20.33,727.32,55.15,100.0,21.26,21.26,21.26,776.3,0.01,100.0,6.57,6.57,QPSO,10.67,10.67,QPSO
475,85454,13,4,119.4,9.0,rush_hour,26,46,18.04,18.04,18.04,500.15,60.61,100.0,16.31,16.31,16.31,476.79,39.93,100.0,21.09,21.09,21.09,612.67,0.01,100.0,-10.57,-10.57,Classical PSO,14.5,14.5,QPSO
476,23898,10,5,88.0,9.0,rush_hour,28,46,14.75,14.75,14.75,344.69,40.58,100.0,15.42,15.42,15.42,385.63,39.74,100.0,16.7,16.7,16.7,363.81,0.01,100.0,4.33,4.33,QPSO,11.69,11.69,QPSO
477,7014,10,3,103.2,9.0,rush_hour,39,79,11.91,11.91,11.91,292.2,96.05,100.0,11.91,11.91,11.91,292.2,64.28,100.0,18.34,18.34,18.34,496.01,0.0,100.0,-0.0,0.0,Tie,35.08,35.08,QPSO
478,36167,11,3,110.7,8.0,rush_hour,37,69,15.43,15.43,15.43,380.07,85.56,100.0,15.81,15.81,15.81,423.39,57.34,100.0,20.1,20.1,20.1,527.99,0.01,100.0,2.41,2.41,QPSO,23.24,23.24,QPSO
479,36629,16,4,110.0,8.0,uniform,26,50,14.97,14.97,14.97,641.97,73.77,100.0,15.4,15.4,15.4,645.68,46.04,100.0,18.58,18.58,18.58,800.8,0.01,100.0,2.76,2.76,QPSO,19.4,19.4,QPSO
480,14593,16,5,110.1,8.5,incident,37,62,12.93,12.93,12.93,527.04,132.04,100.0,12.54,12.54,12.54,549.47,65.58,100.0,13.46,13.46,13.46,609.47,0.04,100.0,-3.11,-3.11,Classical PSO,3.98,3.98,QPSO
481,81131,10,4,94.2,8.0,rush_hour,39,42,15.81,15.81,15.81,397.31,22.82,100.0,16.61,16.61,16.61,405.73,15.61,100.0,18.43,18.43,18.43,492.76,0.01,100.0,4.76,4.76,QPSO,14.18,14.18,QPSO
482,9301,14,5,70.6,18.0,rush_hour,41,73,12.13,12.13,12.13,474.38,54.21,100.0,13.46,13.46,13.46,539.56,33.03,100.0,15.88,15.88,15.88,681.22,0.01,100.0,9.9,9.9,QPSO,23.63,23.63,QPSO
483,91209,19,6,91.6,13.0,rush_hour,45,64,14.01,14.01,14.01,601.63,57.42,100.0,16.22,16.22,16.22,746.77,33.28,100.0,17.53,17.53,17.53,756.53,0.07,100.0,13.65,13.65,QPSO,20.08,20.08,QPSO
484,20484,18,7,70.6,17.5,rush_hour,40,50,19.74,19.74,19.74,813.33,39.67,100.0,19.98,19.98,19.98,825.83,27.47,100.0,23.73,23.73,23.73,950.31,0.01,100.0,1.21,1.21,QPSO,16.84,16.84,QPSO
485,10812,17,6,82.0,8.0,incident,32,75,15.7,15.7,15.7,620.18,76.9,100.0,15.85,15.85,15.85,611.59,40.62,100.0,18.7,18.7,18.7,748.32,0.11,100.0,0.95,0.95,QPSO,16.06,16.06,QPSO
486,85320,16,4,110.9,13.0,rush_hour,43,68,13.6,13.6,13.6,525.98,62.21,100.0,14.35,14.35,14.35,582.28,43.42,100.0,18.03,18.03,18.03,736.97,0.01,100.0,5.28,5.28,QPSO,24.58,24.58,QPSO
487,12536,17,5,85.8,18.0,incident,25,46,15.68,15.68,15.68,612.63,36.46,100.0,17.96,17.96,17.96,764.17,24.0,100.0,17.5,17.5,17.5,679.32,0.01,100.0,12.67,12.67,QPSO,10.38,10.38,QPSO
488,53879,16,5,97.9,8.0,incident,44,80,14.13,14.13,14.13,535.0,53.1,100.0,16.06,16.06,16.06,649.1,46.7,100.0,21.24,21.24,21.24,905.12,0.01,100.0,11.99,11.99,QPSO,33.48,33.48,QPSO
489,40924,18,5,102.7,9.0,rush_hour,26,54,19.79,19.79,19.79,637.4,41.4,100.0,22.14,22.14,22.14,718.12,29.39,100.0,26.05,26.05,26.05,849.34,0.01,100.0,10.6,10.6,QPSO,24.04,24.04,QPSO
490,60566,15,5,105.8,18.0,rush_hour,28,46,10.42,10.42,10.42,460.4,28.92,100.0,8.81,8.81,8.81,367.66,22.69,100.0,12.34,12.34,12.34,527.05,0.01,100.0,-18.2,-18.2,Classical PSO,15.6,15.6,QPSO
491,87364,13,5,87.1,17.5,incident,36,46,9.35,9.35,9.35,426.31,27.48,100.0,10.04,10.04,10.04,423.12,20.27,100.0,14.94,14.94,14.94,649.03,0.01,100.0,6.84,6.84,QPSO,37.42,37.42,QPSO
492,7000,12,5,77.0,8.0,rush_hour,44,52,17.97,17.97,17.97,575.1,35.24,100.0,17.86,17.86,17.86,563.53,28.29,100.0,20.3,20.3,20.3,628.61,0.02,100.0,-0.59,-0.59,Classical PSO,11.52,11.52,QPSO
493,25581,11,4,80.8,18.0,rush_hour,28,66,9.7,9.7,9.7,430.77,40.49,100.0,9.7,9.7,9.7,430.77,32.42,100.0,12.3,12.3,12.3,565.64,0.12,100.0,0.0,0.0,Tie,21.11,21.11,QPSO
494,7094,20,5,108.6,13.0,incident,43,72,15.39,15.39,15.39,662.88,75.01,100.0,17.41,17.41,17.41,760.39,37.85,100.0,18.63,18.63,18.63,794.98,0.01,100.0,11.61,11.61,QPSO,17.38,17.38,QPSO
495,18647,17,5,96.5,17.5,rush_hour,43,70,14.06,14.06,14.06,610.14,61.29,100.0,16.69,16.69,16.69,698.79,49.43,100.0,18.7,18.7,18.7,827.53,0.01,100.0,15.74,15.74,QPSO,24.8,24.8,QPSO
496,67628,12,3,106.5,8.0,rush_hour,44,78,16.27,16.27,16.27,382.07,62.0,100.0,17.36,17.36,17.36,418.18,55.77,100.0,22.45,22.45,22.45,550.24,0.01,100.0,6.26,6.26,QPSO,27.53,27.53,QPSO
497,43184,18,5,90.9,9.0,rush_hour,35,58,22.76,22.76,22.76,564.96,43.73,100.0,24.93,24.93,24.93,658.81,36.37,100.0,24.79,24.79,24.79,628.87,0.01,100.0,8.7,8.7,QPSO,8.19,8.19,QPSO
498,60355,12,5,90.6,18.0,incident,35,75,10.71,10.71,10.71,428.5,59.49,100.0,10.37,10.37,10.37,420.29,31.23,100.0,12.58,12.58,12.58,503.72,0.07,100.0,-3.31,-3.31,Classical PSO,14.84,14.84,QPSO
499,83913,13,5,80.5,18.0,rush_hour,29,51,9.57,9.57,9.57,442.35,23.88,100.0,9.97,9.97,9.97,455.48,24.51,100.0,12.65,12.65,12.65,576.82,0.01,100.0,4.02,4.02,QPSO,24.36,24.36,QPSO
500,67046,18,5,105.5,17.5,rush_hour,43,76,13.17,13.17,13.17,601.6,56.76,100.0,14.11,14.11,14.11,623.22,34.18,100.0,15.49,15.49,15.49,704.97,0.11,100.0,6.68,6.68,QPSO,14.99,14.99,QPSO
501,88445,16,5,113.9,8.0,incident,28,41,15.93,15.93,15.93,649.42,24.23,100.0,17.73,17.73,17.73,683.92,22.29,100.0,17.88,17.88,17.88,702.83,0.01,100.0,10.18,10.18,QPSO,10.91,10.91,QPSO
502,50921,12,3,103.5,9.0,uniform,34,56,13.11,13.11,13.11,523.59,41.63,100.0,12.74,12.74,12.74,520.64,25.51,100.0,13.97,13.97,13.97,593.96,0.01,100.0,-2.9,-2.9,Classical PSO,6.13,6.13,QPSO
503,20192,10,4,80.2,9.0,rush_hour,28,79,12.55,12.55,12.55,354.47,45.26,100.0,12.31,12.31,12.31,374.62,37.09,100.0,15.45,15.45,15.45,413.32,0.01,100.0,-1.95,-1.95,Classical PSO,18.81,18.81,QPSO
504,89542,18,5,107.1,8.5,incident,34,43,15.71,15.71,15.71,674.93,33.61,100.0,19.29,19.29,19.29,834.39,19.0,100.0,18.68,18.68,18.68,807.26,0.01,100.0,18.54,18.54,QPSO,15.89,15.89,QPSO
505,51014,16,5,117.8,17.5,uniform,25,56,11.43,11.43,11.43,502.98,44.31,100.0,10.82,10.82,10.82,504.63,22.14,100.0,13.63,13.63,13.63,575.61,0.01,100.0,-5.67,-5.67,Classical PSO,16.11,16.11,QPSO
506,27619,19,5,111.5,17.5,incident,44,52,15.4,15.4,15.4,688.38,55.01,100.0,16.29,16.29,16.29,648.7,22.9,100.0,21.83,21.83,21.83,946.02,0.02,100.0,5.47,5.47,QPSO,29.46,29.46,QPSO
507,96015,13,4,92.4,8.5,uniform,41,47,10.51,10.51,10.51,424.55,24.93,100.0,10.51,10.51,10.51,424.55,22.86,100.0,13.69,13.69,13.69,593.17,0.01,100.0,0.0,0.0,Tie,23.25,23.25,QPSO
508,50440,10,4,84.0,8.5,uniform,43,56,9.87,9.87,9.87,395.01,38.2,100.0,9.16,9.16,9.16,375.22,32.27,100.0,13.58,13.58,13.58,574.74,0.01,100.0,-7.73,-7.73,Classical PSO,27.31,27.31,QPSO
509,1739,15,4,105.5,8.0,uniform,35,78,12.32,12.32,12.32,487.08,61.4,100.0,13.0,13.0,13.0,533.03,27.65,100.0,15.95,15.95,15.95,644.93,0.01,100.0,5.18,5.18,QPSO,22.74,22.74,QPSO
510,7665,20,6,94.5,8.0,incident,35,73,16.38,16.38,16.38,713.96,60.02,100.0,15.72,15.72,15.72,664.21,38.82,100.0,20.89,20.89,20.89,927.94,0.01,100.0,-4.23,-4.23,Classical PSO,21.57,21.57,QPSO
511,29830,12,3,109.3,13.0,incident,42,65,9.73,9.73,9.73,424.46,43.8,100.0,13.67,13.67,13.67,589.62,34.08,100.0,12.98,12.98,12.98,535.76,0.07,100.0,28.78,28.78,QPSO,24.99,24.99,QPSO
512,13051,15,5,114.2,9.0,rush_hour,34,53,14.91,14.91,14.91,530.62,29.64,100.0,13.93,13.93,13.93,475.43,25.49,100.0,17.41,17.41,17.41,626.06,0.01,100.0,-7.06,-7.06,Classical PSO,14.37,14.37,QPSO
513,99652,19,4,119.8,8.0,incident,36,68,14.73,14.73,14.73,626.29,41.97,100.0,16.19,16.19,16.19,634.9,38.32,100.0,20.14,20.14,20.14,893.84,0.01,100.0,9.03,9.03,QPSO,26.86,26.86,QPSO
514,32502,20,5,117.9,13.0,uniform,37,56,15.41,15.41,15.41,613.77,46.4,100.0,16.97,16.97,16.97,684.98,37.92,100.0,16.86,16.86,16.86,653.55,0.01,100.0,9.15,9.15,QPSO,8.56,8.56,QPSO
515,71809,14,5,115.6,17.5,incident,39,71,10.62,10.62,10.62,491.81,64.74,100.0,11.24,11.24,11.24,497.19,35.1,100.0,14.07,14.07,14.07,625.55,0.01,100.0,5.52,5.52,QPSO,24.51,24.51,QPSO
516,6747,14,5,86.0,8.0,uniform,42,74,13.39,13.39,13.39,530.69,81.91,100.0,12.9,12.9,12.9,530.09,46.76,100.0,18.2,18.2,18.2,760.28,0.01,100.0,-3.84,-3.84,Classical PSO,26.42,26.42,QPSO
517,1960,20,7,80.5,18.0,rush_hour,28,53,15.66,15.66,15.66,761.65,55.24,100.0,15.94,15.94,15.94,688.44,49.78,100.0,20.62,20.62,20.62,927.02,0.01,100.0,1.74,1.74,QPSO,24.07,24.07,QPSO
518,71484,16,4,107.3,8.0,rush_hour,35,42,17.08,17.08,17.08,537.7,27.59,100.0,18.15,18.15,18.15,579.72,25.32,100.0,22.87,22.87,22.87,688.15,0.01,100.0,5.88,5.88,QPSO,25.32,25.32,QPSO
519,12471,11,5,78.9,17.5,uniform,43,54,10.41,10.41,10.41,445.88,44.17,100.0,10.28,10.28,10.28,459.9,44.16,100.0,12.57,12.57,12.57,518.8,0.22,100.0,-1.3,-1.3,Classical PSO,17.19,17.19,QPSO
520,34901,16,5,92.6,13.0,rush_hour,25,64,15.82,15.82,15.82,667.88,54.52,100.0,17.69,17.69,17.69,748.37,47.84,100.0,20.08,20.08,20.08,833.6,0.01,100.0,10.6,10.6,QPSO,21.22,21.22,QPSO
521,89250,11,5,102.1,8.0,incident,43,42,12.17,12.17,12.17,486.89,21.8,100.0,11.72,11.72,11.72,472.25,16.54,100.0,13.37,13.37,13.37,561.54,0.0,100.0,-3.81,-3.81,Classical PSO,8.98,8.98,QPSO
522,92866,11,3,116.4,9.0,incident,34,78,10.37,10.37,10.37,405.49,51.27,100.0,10.21,10.21,10.21,402.32,37.37,100.0,12.86,12.86,12.86,541.73,0.0,100.0,-1.53,-1.53,Classical PSO,19.37,19.37,QPSO
523,12338,14,4,89.1,13.0,uniform,42,54,16.47,16.47,16.47,610.67,43.3,100.0,14.95,14.95,14.95,552.58,33.24,100.0,18.28,18.28,18.28,718.78,0.01,100.0,-10.16,-10.16,Classical PSO,9.9,9.9,QPSO
524,18875,16,4,118.0,9.0,incident,45,63,14.73,14.73,14.73,601.79,39.91,100.0,15.88,15.88,15.88,593.16,37.97,100.0,17.17,17.17,17.17,676.86,0.04,100.0,7.24,7.24,QPSO,14.25,14.25,QPSO
525,2461,18,6,76.2,17.5,incident,37,74,14.75,14.75,14.75,591.62,50.87,100.0,17.28,17.28,17.28,695.9,42.74,100.0,21.25,21.25,21.25,830.55,0.01,100.0,14.67,14.67,QPSO,30.6,30.6,QPSO
526,72765,11,5,80.5,8.5,rush_hour,45,72,18.95,18.95,18.95,427.97,73.9,100.0,18.78,18.78,18.78,424.28,53.91,100.0,22.7,22.7,22.7,530.38,0.01,100.0,-0.86,-0.86,Classical PSO,16.53,16.53,QPSO
527,19671,12,5,81.0,8.5,uniform,30,76,12.52,12.52,12.52,537.42,48.48,100.0,13.71,13.71,13.71,527.85,42.85,100.0,14.4,14.4,14.4,627.81,0.01,100.0,8.72,8.72,QPSO,13.1,13.1,QPSO
528,8128,18,5,102.2,9.0,incident,27,56,13.95,13.95,13.95,601.55,46.99,100.0,17.54,17.54,17.54,744.89,28.93,100.0,18.39,18.39,18.39,841.28,0.01,100.0,20.44,20.44,QPSO,24.13,24.13,QPSO
529,13871,13,4,117.6,8.5,incident,45,55,13.97,13.97,13.97,525.01,35.54,100.0,14.38,14.38,14.38,515.66,30.94,100.0,16.12,16.12,16.12,648.88,0.01,100.0,2.82,2.82,QPSO,13.35,13.35,QPSO
530,14113,14,5,115.0,13.0,rush_hour,35,79,8.39,8.39,8.39,349.27,68.01,100.0,8.46,8.46,8.46,369.56,42.45,100.0,10.74,10.74,10.74,449.95,0.0,100.0,0.83,0.83,QPSO,21.83,21.83,QPSO
531,87431,14,5,98.3,9.0,rush_hour,30,40,17.86,17.86,17.86,462.18,25.86,100.0,21.23,21.23,21.23,535.0,18.1,100.0,24.91,24.91,24.91,658.7,0.01,100.0,15.88,15.88,QPSO,28.29,28.29,QPSO
532,42053,13,5,105.6,9.0,rush_hour,29,61,14.33,14.33,14.33,387.32,36.45,100.0,16.44,16.44,16.44,456.41,25.24,100.0,18.01,18.01,18.01,490.86,0.01,100.0,12.83,12.83,QPSO,20.44,20.44,QPSO
533,63908,17,5,87.9,13.0,incident,28,51,14.86,14.86,14.86,556.86,33.76,100.0,14.41,14.41,14.41,559.67,25.36,100.0,17.8,17.8,17.8,766.78,0.04,100.0,-3.09,-3.09,Classical PSO,16.51,16.51,QPSO
534,85613,19,5,112.1,17.5,uniform,33,80,13.98,13.98,13.98,595.15,74.37,100.0,17.09,17.09,17.09,714.34,41.54,100.0,18.13,18.13,18.13,787.36,0.01,100.0,18.19,18.19,QPSO,22.89,22.89,QPSO
535,11022,11,5,112.5,8.0,incident,43,65,9.05,9.05,9.05,400.25,38.8,100.0,9.28,9.28,9.28,398.35,30.39,100.0,10.6,10.6,10.6,477.23,0.01,100.0,2.51,2.51,QPSO,14.62,14.62,QPSO
536,78337,13,5,97.6,18.0,uniform,36,65,10.04,10.04,10.04,423.08,72.53,100.0,10.27,10.27,10.27,405.66,54.49,100.0,12.3,12.3,12.3,507.16,0.01,100.0,2.28,2.28,QPSO,18.35,18.35,QPSO
537,30269,19,7,76.7,13.0,rush_hour,41,40,18.74,18.74,18.74,767.58,40.26,100.0,18.4,18.4,18.4,742.03,38.87,100.0,21.68,21.68,21.68,905.52,0.01,100.0,-1.82,-1.82,Classical PSO,13.57,13.57,QPSO
538,87858,13,4,107.9,13.0,uniform,30,76,9.26,9.26,9.26,407.14,65.33,100.0,9.17,9.17,9.17,373.13,37.91,100.0,11.55,11.55,11.55,519.14,0.01,100.0,-1.01,-1.01,Classical PSO,19.8,19.8,QPSO
539,75162,20,5,106.8,9.0,uniform,32,71,13.68,13.68,13.68,597.64,70.34,100.0,16.54,16.54,16.54,740.38,68.74,100.0,18.72,18.72,18.72,808.97,0.01,100.0,17.31,17.31,QPSO,26.95,26.95,QPSO
540,31375,11,4,88.5,18.0,uniform,41,63,9.53,9.53,9.53,378.0,43.55,100.0,9.53,9.53,9.53,378.0,26.57,100.0,14.89,14.89,14.89,561.5,0.01,100.0,0.0,0.0,Tie,35.99,35.99,QPSO
541,51868,17,4,114.1,18.0,rush_hour,28,73,14.85,14.85,14.85,658.77,45.64,100.0,14.73,14.73,14.73,635.61,36.65,100.0,17.17,17.17,17.17,753.91,0.01,100.0,-0.8,-0.8,Classical PSO,13.51,13.51,QPSO
542,84042,14,4,98.9,13.0,incident,37,63,12.59,12.59,12.59,485.45,56.28,100.0,12.59,12.59,12.59,485.45,33.31,100.0,15.74,15.74,15.74,600.89,0.01,100.0,0.0,0.0,Tie,20.03,20.03,QPSO
543,78028,20,6,95.8,8.5,incident,37,62,14.17,14.17,14.17,562.08,47.44,100.0,15.79,15.79,15.79,655.23,35.46,100.0,17.22,17.22,17.22,727.98,0.06,100.0,10.26,10.26,QPSO,17.72,17.72,QPSO
544,46224,17,4,114.4,17.5,uniform,39,50,12.22,12.22,12.22,513.36,29.47,100.0,14.23,14.23,14.23,585.8,37.99,100.0,13.65,13.65,13.65,568.08,0.01,100.0,14.11,14.11,QPSO,10.48,10.48,QPSO
545,31145,11,4,80.6,8.5,rush_hour,44,47,20.71,20.71,20.71,505.37,36.23,100.0,20.71,20.71,20.71,505.37,28.25,100.0,27.4,27.4,27.4,702.76,0.01,100.0,0.0,0.0,Tie,24.43,24.43,QPSO
546,87652,13,5,110.6,8.0,rush_hour,40,70,15.17,15.17,15.17,470.18,66.4,100.0,15.17,15.17,15.17,470.18,40.51,100.0,18.12,18.12,18.12,484.33,0.01,100.0,-0.0,0.0,Tie,16.31,16.31,QPSO
547,28617,19,5,102.4,8.0,uniform,26,48,17.73,17.73,17.73,693.48,32.1,100.0,19.06,19.06,19.06,737.53,16.36,100.0,21.22,21.22,21.22,811.35,0.01,100.0,6.94,6.94,QPSO,16.44,16.44,QPSO
548,76168,19,7,76.7,17.5,uniform,26,50,16.31,16.31,16.31,675.2,40.55,100.0,16.47,16.47,16.47,651.19,29.36,100.0,19.61,19.61,19.61,797.15,0.01,100.0,0.97,0.97,QPSO,16.85,16.85,QPSO
549,34850,12,5,100.0,18.0,uniform,34,45,11.75,11.75,11.75,468.46,29.05,100.0,14.01,14.01,14.01,592.07,23.31,100.0,16.94,16.94,16.94,688.39,0.01,100.0,16.14,16.14,QPSO,30.65,30.65,QPSO
550,29389,17,4,113.4,8.5,rush_hour,44,49,20.6,20.6,20.6,488.97,45.0,100.0,22.8,22.8,22.8,543.03,25.62,100.0,27.54,27.54,27.54,715.04,0.01,100.0,9.67,9.67,QPSO,25.2,25.2,QPSO
551,77368,12,5,78.4,13.0,incident,43,44,11.37,11.37,11.37,406.39,34.3,100.0,11.37,11.37,11.37,406.39,20.49,100.0,14.41,14.41,14.41,558.35,0.01,100.0,0.0,0.0,Tie,21.12,21.12,QPSO
552,31122,16,6,76.6,8.5,incident,41,66,16.14,16.14,16.14,595.87,52.5,100.0,18.09,18.09,18.09,653.03,27.8,100.0,19.57,19.57,19.57,747.88,0.02,100.0,10.74,10.74,QPSO,17.49,17.49,QPSO
553,20603,19,7,78.9,17.5,incident,28,45,15.31,15.31,15.31,675.89,31.87,100.0,19.23,19.23,19.23,841.29,20.45,100.0,19.59,19.59,19.59,814.21,0.01,100.0,20.41,20.41,QPSO,21.85,21.85,QPSO
554,64208,20,5,115.1,18.0,incident,38,73,14.59,14.59,14.59,589.34,75.05,100.0,16.32,16.32,16.32,668.06,49.44,100.0,18.5,18.5,18.5,756.99,0.01,100.0,10.59,10.59,QPSO,21.14,21.14,QPSO
555,56139,15,5,104.9,8.5,rush_hour,37,62,18.92,18.92,18.92,439.83,70.17,100.0,19.02,19.02,19.02,505.24,49.74,100.0,19.7,19.7,19.7,468.8,0.01,100.0,0.54,0.54,QPSO,3.98,3.98,QPSO
556,78207,19,6,91.3,13.0,uniform,27,58,15.85,15.85,15.85,719.28,53.14,100.0,15.17,15.17,15.17,646.12,47.06,100.0,21.38,21.38,21.38,839.72,0.01,100.0,-4.52,-4.52,Classical PSO,25.85,25.85,QPSO
557,79419,18,6,82.9,18.0,incident,25,76,15.38,15.38,15.38,660.8,79.11,100.0,15.67,15.67,15.67,645.4,40.63,100.0,19.18,19.18,19.18,813.1,0.01,100.0,1.88,1.88,QPSO,19.82,19.82,QPSO
558,69490,11,4,88.8,18.0,rush_hour,38,63,10.23,10.23,10.23,446.34,61.25,100.0,10.45,10.45,10.45,453.89,46.0,100.0,12.32,12.32,12.32,535.12,0.01,100.0,2.13,2.13,QPSO,16.98,16.98,QPSO
559,14970,12,4,102.6,9.0,incident,38,76,8.94,8.94,8.94,363.25,46.16,100.0,9.66,9.66,9.66,372.5,35.72,100.0,12.39,12.39,12.39,534.23,0.01,100.0,7.44,7.44,QPSO,27.84,27.84,QPSO
560,48925,19,5,119.6,8.5,rush_hour,42,75,19.98,19.98,19.98,536.68,69.95,100.0,21.22,21.22,21.22,548.53,46.12,100.0,22.12,22.12,22.12,566.67,0.01,100.0,5.87,5.87,QPSO,9.69,9.69,QPSO
561,64238,12,5,98.0,9.0,rush_hour,43,62,15.21,15.21,15.21,401.72,39.93,100.0,17.02,17.02,17.02,549.51,41.25,100.0,17.89,17.89,17.89,610.58,0.01,100.0,10.6,10.6,QPSO,14.96,14.96,QPSO
562,93470,16,4,112.7,18.0,uniform,39,50,12.22,12.22,12.22,453.75,37.8,100.0,13.69,13.69,13.69,479.3,22.42,100.0,16.8,16.8,16.8,675.35,0.01,100.0,10.75,10.75,QPSO,27.29,27.29,QPSO
563,14143,13,5,109.3,17.5,incident,26,50,12.57,12.57,12.57,538.32,32.57,100.0,12.43,12.43,12.43,509.74,28.27,100.0,15.44,15.44,15.44,713.29,0.01,100.0,-1.11,-1.11,Classical PSO,18.59,18.59,QPSO
564,52000,20,5,110.2,13.0,incident,38,45,16.45,16.45,16.45,624.59,44.78,100.0,19.11,19.11,19.11,677.28,17.69,100.0,18.59,18.59,18.59,737.31,0.13,100.0,13.9,13.9,QPSO,11.48,11.48,QPSO
565,9399,14,4,88.5,18.0,rush_hour,37,79,13.37,13.37,13.37,578.81,64.77,100.0,13.83,13.83,13.83,614.63,40.77,100.0,16.47,16.47,16.47,733.45,0.01,100.0,3.35,3.35,QPSO,18.83,18.83,QPSO
566,87006,18,5,105.6,8.5,incident,40,68,14.39,14.39,14.39,603.07,74.74,100.0,15.28,15.28,15.28,601.26,43.67,100.0,18.72,18.72,18.72,812.38,0.01,100.0,5.84,5.84,QPSO,23.15,23.15,QPSO
567,2403,13,5,79.7,17.5,uniform,26,63,13.81,13.81,13.81,460.3,40.4,100.0,15.18,15.18,15.18,555.52,35.8,100.0,14.44,14.44,14.44,488.47,0.04,100.0,9.04,9.04,QPSO,4.4,4.4,QPSO
568,32359,20,5,118.8,9.0,rush_hour,36,65,18.82,18.82,18.82,539.53,58.54,100.0,22.34,22.34,22.34,604.97,34.86,100.0,23.07,23.07,23.07,666.11,0.02,100.0,15.78,15.78,QPSO,18.43,18.43,QPSO
569,54143,19,5,95.9,8.0,incident,34,75,14.55,14.55,14.55,628.7,60.46,100.0,14.4,14.4,14.4,620.99,31.22,100.0,15.37,15.37,15.37,656.52,0.01,100.0,-1.08,-1.08,Classical PSO,5.3,5.3,QPSO
570,77406,15,5,118.2,8.5,incident,31,69,11.82,11.82,11.82,446.33,50.76,100.0,13.37,13.37,13.37,525.43,38.98,100.0,14.92,14.92,14.92,565.18,0.01,100.0,11.57,11.57,QPSO,20.74,20.74,QPSO
571,53947,19,6,83.1,17.5,uniform,42,44,16.98,16.98,16.98,765.67,29.13,100.0,16.79,16.79,16.79,723.49,21.5,100.0,20.04,20.04,20.04,930.41,0.15,100.0,-1.14,-1.14,Classical PSO,15.26,15.26,QPSO
572,66951,14,5,117.4,9.0,incident,43,56,12.5,12.5,12.5,451.63,35.54,100.0,12.33,12.33,12.33,488.98,27.78,100.0,13.11,13.11,13.11,532.6,0.01,100.0,-1.4,-1.4,Classical PSO,4.66,4.66,QPSO
573,91989,17,5,98.2,9.0,rush_hour,39,77,19.78,19.78,19.78,617.92,69.68,100.0,19.81,19.81,19.81,581.62,43.29,100.0,25.59,25.59,25.59,742.61,0.01,100.0,0.14,0.14,QPSO,22.73,22.73,QPSO
574,4584,17,6,82.9,18.0,uniform,32,60,13.47,13.47,13.47,593.9,85.26,100.0,14.8,14.8,14.8,646.17,30.22,100.0,18.82,18.82,18.82,889.66,0.1,100.0,9.0,9.0,QPSO,28.44,28.44,QPSO
575,55057,15,5,105.0,8.5,rush_hour,27,65,18.16,18.16,18.16,473.31,64.71,100.0,21.74,21.74,21.74,586.83,32.79,100.0,25.39,25.39,25.39,753.92,0.01,100.0,16.46,16.46,QPSO,28.46,28.46,QPSO
576,89302,15,4,97.7,13.0,rush_hour,36,53,11.89,11.89,11.89,453.57,42.57,100.0,13.35,13.35,13.35,522.8,28.15,100.0,15.65,15.65,15.65,626.29,0.01,100.0,10.98,10.98,QPSO,24.05,24.05,QPSO
577,76197,14,5,117.4,8.5,rush_hour,31,55,16.27,16.27,16.27,401.7,48.22,100.0,18.68,18.68,18.68,478.45,26.79,100.0,23.1,23.1,23.1,520.98,0.01,100.0,12.9,12.9,QPSO,29.57,29.57,QPSO
578,97394,13,5,80.3,8.5,incident,36,49,10.96,10.96,10.96,435.72,49.56,100.0,11.62,11.62,11.62,520.23,30.92,100.0,11.85,11.85,11.85,477.03,0.01,100.0,5.67,5.67,QPSO,7.5,7.5,QPSO
579,14983,11,5,103.8,13.0,incident,25,74,8.25,8.25,8.25,360.33,49.39,100.0,10.11,10.11,10.11,461.05,37.82,100.0,10.82,10.82,10.82,474.67,0.01,100.0,18.45,18.45,QPSO,23.76,23.76,QPSO
580,6539,17,5,101.0,17.5,rush_hour,40,51,12.04,12.04,12.04,536.95,41.13,100.0,11.56,11.56,11.56,476.46,36.49,100.0,15.03,15.03,15.03,648.23,0.01,100.0,-4.15,-4.15,Classical PSO,19.9,19.9,QPSO
581,67995,14,5,81.1,8.0,incident,38,70,15.81,15.81,15.81,711.86,41.02,100.0,15.81,15.81,15.81,711.86,40.57,100.0,17.92,17.92,17.92,828.07,0.01,100.0,0.0,0.0,Tie,11.74,11.74,QPSO
582,71879,10,5,89.7,8.5,rush_hour,28,73,14.71,14.71,14.71,406.82,50.67,100.0,14.71,14.71,14.71,406.82,47.69,100.0,15.88,15.88,15.88,431.78,0.01,100.0,-0.0,-0.0,Tie,7.4,7.4,QPSO
583,61302,15,6,70.6,13.0,incident,28,60,15.32,15.32,15.32,666.14,45.48,100.0,16.01,16.01,16.01,696.87,35.67,100.0,18.93,18.93,18.93,807.26,0.01,100.0,4.36,4.36,QPSO,19.07,19.07,QPSO
584,48395,19,6,79.4,8.5,rush_hour,40,79,22.69,22.69,22.69,614.87,60.22,100.0,30.23,30.23,30.23,798.6,48.19,100.0,29.44,29.44,29.44,799.16,0.14,100.0,24.94,24.94,QPSO,22.92,22.92,QPSO
585,45970,15,4,94.9,13.0,incident,36,63,12.13,12.13,12.13,466.07,41.11,100.0,13.7,13.7,13.7,575.68,32.46,100.0,17.82,17.82,17.82,735.11,0.01,100.0,11.45,11.45,QPSO,31.97,31.97,QPSO
586,53506,14,5,79.0,17.5,incident,32,46,16.94,16.94,16.94,698.39,29.28,100.0,15.84,15.84,15.84,605.7,34.98,100.0,20.43,20.43,20.43,804.9,0.01,100.0,-6.91,-6.91,Classical PSO,17.11,17.11,QPSO
587,95478,14,5,97.8,8.5,uniform,29,70,14.62,14.62,14.62,524.53,41.16,100.0,13.61,13.61,13.61,497.81,32.07,100.0,14.7,14.7,14.7,546.84,0.01,100.0,-7.4,-7.4,Classical PSO,0.51,0.51,QPSO
588,2276,12,5,95.0,13.0,rush_hour,33,75,9.61,9.61,9.61,431.91,52.93,100.0,10.07,10.07,10.07,437.14,40.27,100.0,12.96,12.96,12.96,578.28,0.11,100.0,4.63,4.63,QPSO,25.86,25.86,QPSO
589,75427,10,4,74.9,8.0,uniform,33,70,10.82,10.82,10.82,407.36,38.42,100.0,10.82,10.82,10.82,407.36,27.48,100.0,14.1,14.1,14.1,555.27,0.01,100.0,-0.0,0.0,Tie,23.22,23.22,QPSO
590,83557,11,4,107.2,9.0,rush_hour,42,75,13.16,13.16,13.16,390.88,52.49,100.0,13.16,13.16,13.16,390.88,32.81,100.0,15.31,15.31,15.31,452.82,0.01,100.0,0.0,0.0,Tie,14.06,14.06,QPSO
591,34779,15,5,90.6,18.0,incident,31,76,12.54,12.54,12.54,464.03,56.33,100.0,12.45,12.45,12.45,455.85,42.67,100.0,18.28,18.28,18.28,686.61,0.01,100.0,-0.71,-0.71,Classical PSO,31.4,31.4,QPSO
592,76483,20,5,119.0,9.0,rush_hour,41,71,21.3,21.3,21.3,570.11,79.4,100.0,24.23,24.23,24.23,699.01,30.88,100.0,25.88,25.88,25.88,726.2,0.01,100.0,12.07,12.07,QPSO,17.68,17.68,QPSO
593,97537,17,5,89.1,13.0,incident,29,50,17.91,17.91,17.91,704.26,49.55,100.0,18.49,18.49,18.49,709.62,28.05,100.0,19.41,19.41,19.41,764.57,0.01,100.0,3.13,3.13,QPSO,7.7,7.7,QPSO
594,84962,15,5,101.6,8.0,uniform,30,61,14.23,14.23,14.23,571.48,66.21,100.0,14.75,14.75,14.75,616.37,53.85,100.0,18.44,18.44,18.44,740.77,0.01,100.0,3.54,3.54,QPSO,22.84,22.84,QPSO
595,30912,15,5,102.7,17.5,incident,37,57,11.09,11.09,11.09,525.43,50.53,100.0,12.7,12.7,12.7,566.17,34.44,100.0,12.78,12.78,12.78,563.0,0.01,100.0,12.72,12.72,QPSO,13.21,13.21,QPSO
596,59313,15,5,90.7,8.0,uniform,32,56,11.98,11.98,11.98,507.53,56.13,100.0,12.05,12.05,12.05,491.44,37.16,100.0,16.73,16.73,16.73,814.53,0.05,100.0,0.54,0.54,QPSO,28.38,28.38,QPSO
597,98501,11,4,78.3,8.0,uniform,40,75,8.96,8.96,8.96,350.16,51.38,100.0,10.68,10.68,10.68,393.96,43.07,100.0,13.18,13.18,13.18,512.78,0.03,100.0,16.11,16.11,QPSO,32.04,32.04,QPSO
598,8055,10,3,96.2,8.0,rush_hour,44,49,15.65,15.65,15.65,404.18,34.53,100.0,15.8,15.8,15.8,357.53,18.93,100.0,20.22,20.22,20.22,517.06,0.01,100.0,0.93,0.93,QPSO,22.61,22.61,QPSO
599,12050,20,6,85.5,18.0,rush_hour,39,80,14.45,14.45,14.45,652.27,67.39,100.0,14.68,14.68,14.68,661.72,48.41,100.0,20.24,20.24,20.24,874.22,0.01,100.0,1.52,1.52,QPSO,28.59,28.59,QPSO
600,17569,12,5,71.4,9.0,rush_hour,39,74,20.69,20.69,20.69,682.4,60.86,100.0,19.94,19.94,19.94,649.22,56.69,100.0,25.85,25.85,25.85,734.48,0.04,100.0,-3.77,-3.77,Classical PSO,19.97,19.97,QPSO
601,36705,18,6,76.8,17.5,incident,39,80,17.96,17.96,17.96,745.72,111.19,100.0,19.4,19.4,19.4,813.48,109.05,100.0,23.29,23.29,23.29,1000.48,0.01,100.0,7.38,7.38,QPSO,22.86,22.86,QPSO
602,99161,20,6,96.2,9.0,rush_hour,42,54,21.85,21.85,21.85,556.61,80.72,100.0,25.62,25.62,25.62,737.05,46.66,100.0,25.55,25.55,25.55,662.86,0.01,100.0,14.74,14.74,QPSO,14.49,14.49,QPSO
603,12738,17,5,88.3,8.5,rush_hour,25,40,26.39,26.39,26.39,556.43,38.58,100.0,31.31,31.31,31.31,747.59,30.41,100.0,31.18,31.18,31.18,641.79,0.01,100.0,15.72,15.72,QPSO,15.38,15.38,QPSO
604,69592,12,4,84.3,18.0,rush_hour,40,59,10.4,10.4,10.4,420.18,68.36,100.0,11.12,11.12,11.12,443.1,44.84,100.0,13.64,13.64,13.64,542.85,0.0,100.0,6.42,6.42,QPSO,23.72,23.72,QPSO
605,2197,16,5,99.9,17.5,rush_hour,31,66,14.78,14.78,14.78,602.43,73.25,100.0,15.18,15.18,15.18,644.04,59.87,100.0,16.37,16.37,16.37,655.07,0.36,100.0,2.62,2.62,QPSO,9.69,9.69,QPSO
606,74472,16,5,82.5,13.0,uniform,33,45,17.45,17.45,17.45,667.49,49.56,100.0,16.94,16.94,16.94,604.32,38.6,100.0,18.82,18.82,18.82,700.07,0.01,100.0,-3.0,-3.0,Classical PSO,7.28,7.28,QPSO
607,56343,20,6,95.8,9.0,incident,42,57,17.1,17.1,17.1,611.28,108.92,100.0,18.66,18.66,18.66,713.43,82.61,100.0,21.2,21.2,21.2,780.42,0.01,100.0,8.36,8.36,QPSO,19.33,19.33,QPSO
608,55120,13,5,79.1,8.0,incident,39,79,13.07,13.07,13.07,556.84,125.1,100.0,13.97,13.97,13.97,613.1,126.29,100.0,15.7,15.7,15.7,664.03,0.01,100.0,6.47,6.47,QPSO,16.75,16.75,QPSO
609,60345,14,5,79.4,8.5,uniform,42,41,16.45,16.45,16.45,660.18,74.01,100.0,15.86,15.86,15.86,573.64,46.78,100.0,20.57,20.57,20.57,806.51,0.01,100.0,-3.78,-3.78,Classical PSO,20.01,20.01,QPSO
610,25371,11,5,83.5,18.0,uniform,32,45,10.88,10.88,10.88,391.9,46.97,100.0,11.8,11.8,11.8,450.83,46.51,100.0,14.67,14.67,14.67,566.73,0.01,100.0,7.81,7.81,QPSO,25.84,25.84,QPSO
611,20750,10,5,80.9,9.0,rush_hour,36,69,12.1,12.1,12.1,349.01,93.9,100.0,12.49,12.49,12.49,354.96,72.36,100.0,15.51,15.51,15.51,422.56,0.01,100.0,3.05,3.05,QPSO,21.96,21.96,QPSO
612,92348,10,4,74.0,8.0,rush_hour,37,44,15.76,15.76,15.76,516.1,57.44,100.0,16.44,16.44,16.44,577.78,61.57,100.0,18.99,18.99,18.99,681.3,0.03,100.0,4.15,4.15,QPSO,17.02,17.02,QPSO
613,72197,17,6,79.6,13.0,uniform,28,55,14.0,14.0,14.0,588.54,57.67,100.0,17.46,17.46,17.46,781.33,39.88,100.0,18.84,18.84,18.84,853.61,0.01,100.0,19.79,19.79,QPSO,25.67,25.67,QPSO
614,51436,17,4,106.9,8.5,rush_hour,28,73,21.15,21.15,21.15,654.2,79.64,100.0,24.87,24.87,24.87,754.62,63.68,100.0,26.73,26.73,26.73,860.48,0.05,100.0,14.97,14.97,QPSO,20.89,20.89,QPSO
615,88294,13,5,89.5,9.0,uniform,45,42,11.02,11.02,11.02,447.95,43.5,100.0,12.21,12.21,12.21,478.45,37.09,100.0,11.02,11.02,11.02,447.95,0.01,100.0,9.74,9.74,QPSO,0.0,0.0,Tie
616,98612,18,6,82.7,8.5,rush_hour,26,53,25.41,25.41,25.41,588.96,56.45,100.0,29.4,29.4,29.4,732.33,50.21,100.0,26.48,26.48,26.48,607.51,0.05,100.0,13.56,13.56,QPSO,4.04,4.04,QPSO
617,15801,13,4,86.2,9.0,incident,28,65,10.59,10.59,10.59,428.6,77.67,100.0,10.24,10.24,10.24,422.32,68.52,100.0,12.81,12.81,12.81,540.73,0.01,100.0,-3.48,-3.48,Classical PSO,17.32,17.32,QPSO
618,32862,10,5,99.1,13.0,incident,44,49,8.26,8.26,8.26,323.69,62.88,100.0,8.26,8.26,8.26,323.69,41.97,100.0,11.35,11.35,11.35,438.7,0.0,100.0,0.0,-0.0,Tie,27.18,27.18,QPSO
619,49679,11,4,77.9,18.0,incident,35,80,13.1,13.1,13.1,501.31,81.73,100.0,14.19,14.19,14.19,530.79,78.0,100.0,18.58,18.58,18.58,776.54,0.01,100.0,7.68,7.68,QPSO,29.49,29.49,QPSO
620,8871,10,5,102.2,17.5,uniform,29,71,9.57,9.57,9.57,357.95,68.2,100.0,9.57,9.57,9.57,357.95,58.93,100.0,11.01,11.01,11.01,469.22,0.0,100.0,-0.0,0.0,Tie,13.05,13.05,QPSO
621,31497,15,5,110.3,18.0,uniform,25,64,13.74,13.74,13.74,589.4,81.1,100.0,14.42,14.42,14.42,623.56,79.98,100.0,16.72,16.72,16.72,729.63,0.07,100.0,4.69,4.69,QPSO,17.85,17.85,QPSO
622,47945,12,4,114.9,18.0,rush_hour,42,58,8.79,8.79,8.79,360.85,63.96,100.0,10.63,10.63,10.63,501.98,57.61,100.0,10.93,10.93,10.93,483.8,0.01,100.0,17.3,17.3,QPSO,19.6,19.6,QPSO
623,72137,17,5,98.3,9.0,incident,39,57,14.62,14.62,14.62,557.1,76.39,100.0,15.38,15.38,15.38,581.26,56.98,100.0,22.78,22.78,22.78,894.24,0.01,100.0,4.99,4.99,QPSO,35.85,35.85,QPSO
624,79470,18,7,73.4,13.0,rush_hour,33,74,15.43,15.43,15.43,653.56,108.57,100.0,14.58,14.58,14.58,635.23,65.25,100.0,18.35,18.35,18.35,833.13,0.01,100.0,-5.88,-5.88,Classical PSO,15.9,15.9,QPSO
625,49118,17,5,108.8,18.0,uniform,25,79,14.85,14.85,14.85,577.84,102.25,100.0,17.35,17.35,17.35,634.88,57.84,100.0,19.25,19.25,19.25,732.87,0.01,100.0,14.42,14.42,QPSO,22.88,22.88,QPSO
626,48720,19,6,86.0,18.0,incident,37,52,17.15,17.15,17.15,667.62,88.31,100.0,15.68,15.68,15.68,675.85,68.13,100.0,21.27,21.27,21.27,861.36,0.01,100.0,-9.43,-9.43,Classical PSO,19.37,19.37,QPSO
627,69690,20,5,108.3,17.5,rush_hour,35,66,12.66,12.66,12.66,524.82,145.07,100.0,14.0,14.0,14.0,602.79,112.73,100.0,16.9,16.9,16.9,761.61,0.01,100.0,9.55,9.55,QPSO,25.09,25.09,QPSO
628,85004,15,6,74.8,8.0,uniform,30,42,14.46,14.46,14.46,597.82,63.3,100.0,14.46,14.46,14.46,597.82,52.44,100.0,17.84,17.84,17.84,731.92,0.01,100.0,0.0,0.0,Tie,18.92,18.92,QPSO
629,27486,11,4,79.6,17.5,incident,37,71,8.86,8.86,8.86,365.35,83.3,100.0,8.86,8.86,8.86,365.35,93.92,100.0,10.94,10.94,10.94,458.33,0.0,100.0,0.0,-0.0,Tie,19.03,19.03,QPSO
630,69920,19,7,72.5,17.5,incident,27,40,18.98,18.98,18.98,802.76,53.69,100.0,19.56,19.56,19.56,843.84,48.48,100.0,21.77,21.77,21.77,918.81,0.01,100.0,2.94,2.94,QPSO,12.78,12.78,QPSO
631,28359,20,5,116.4,13.0,incident,26,63,14.21,14.21,14.21,541.66,80.92,100.0,14.87,14.87,14.87,569.81,93.54,100.0,18.97,18.97,18.97,726.77,0.01,100.0,4.45,4.45,QPSO,25.12,25.12,QPSO
632,74140,16,4,109.7,17.5,rush_hour,41,42,10.75,10.75,10.75,439.71,50.77,100.0,12.59,12.59,12.59,560.98,36.24,100.0,12.77,12.77,12.77,551.25,0.01,100.0,14.62,14.62,QPSO,15.83,15.83,QPSO
633,97246,11,4,73.9,17.5,uniform,28,54,13.12,13.12,13.12,487.47,52.33,100.0,13.12,13.12,13.12,487.47,45.96,100.0,15.23,15.23,15.23,589.06,0.0,100.0,-0.0,0.0,Tie,13.85,13.85,QPSO
634,70685,16,6,79.7,17.5,incident,30,75,15.54,15.54,15.54,679.21,88.15,100.0,16.69,16.69,16.69,741.47,71.2,100.0,20.0,20.0,20.0,813.81,0.01,100.0,6.9,6.9,QPSO,22.32,22.32,QPSO
635,99198,18,5,107.3,18.0,rush_hour,38,46,14.26,14.26,14.26,647.6,70.29,100.0,14.74,14.74,14.74,688.75,39.87,100.0,18.22,18.22,18.22,864.99,0.07,100.0,3.28,3.28,QPSO,21.74,21.74,QPSO
636,22864,12,4,95.2,17.5,incident,39,62,6.89,6.89,6.89,299.8,67.87,100.0,7.46,7.46,7.46,332.85,63.42,100.0,10.27,10.27,10.27,438.71,0.01,100.0,7.6,7.6,QPSO,32.89,32.89,QPSO
637,42307,18,5,112.2,18.0,rush_hour,35,78,12.87,12.87,12.87,523.34,95.15,100.0,14.42,14.42,14.42,587.66,97.34,100.0,19.96,19.96,19.96,871.6,0.01,100.0,10.76,10.76,QPSO,35.52,35.52,QPSO
638,32551,19,6,88.8,9.0,rush_hour,39,65,23.95,23.95,23.95,628.02,78.06,100.0,25.99,25.99,25.99,692.62,50.42,100.0,27.32,27.32,27.32,734.13,0.01,100.0,7.84,7.84,QPSO,12.33,12.33,QPSO
639,1025,10,5,99.8,8.5,rush_hour,25,59,13.54,13.54,13.54,341.58,51.37,100.0,13.54,13.54,13.54,341.58,48.48,100.0,16.36,16.36,16.36,455.85,0.0,100.0,0.0,-0.0,Tie,17.23,17.23,QPSO
640,30083,13,5,71.1,17.5,incident,42,76,15.1,15.1,15.1,529.51,83.28,100.0,14.28,14.28,14.28,502.92,68.88,100.0,18.97,18.97,18.97,709.62,0.03,100.0,-5.8,-5.8,Classical PSO,20.38,20.38,QPSO
641,75922,12,5,71.9,8.5,uniform,33,63,12.62,12.62,12.62,506.28,59.39,100.0,13.4,13.4,13.4,550.72,48.77,100.0,14.33,14.33,14.33,586.62,0.0,100.0,5.85,5.85,QPSO,11.93,11.93,QPSO
642,77304,13,5,82.8,8.0,incident,37,76,12.46,12.46,12.46,447.7,95.72,100.0,12.93,12.93,12.93,481.19,67.19,100.0,14.83,14.83,14.83,554.34,0.01,100.0,3.61,3.61,QPSO,15.97,15.97,QPSO
643,29499,11,3,109.6,13.0,incident,43,46,10.71,10.71,10.71,439.13,56.88,100.0,10.41,10.41,10.41,436.57,59.82,100.0,13.03,13.03,13.03,550.98,0.03,100.0,-2.9,-2.9,Classical PSO,17.82,17.82,QPSO
644,79018,20,7,71.9,8.0,uniform,35,62,17.03,17.03,17.03,676.76,127.53,100.0,20.3,20.3,20.3,849.85,102.18,100.0,21.07,21.07,21.07,881.59,0.01,100.0,16.09,16.09,QPSO,19.16,19.16,QPSO
645,57925,16,4,113.5,18.0,incident,44,40,10.32,10.32,10.32,483.15,70.38,100.0,9.64,9.64,9.64,413.93,47.03,100.0,13.13,13.13,13.13,623.93,0.01,100.0,-7.01,-7.01,Classical PSO,21.4,21.4,QPSO
646,84084,20,7,72.7,9.0,incident,43,49,17.2,17.2,17.2,775.78,68.91,100.0,20.76,20.76,20.76,952.96,62.84,100.0,21.34,21.34,21.34,959.09,0.07,100.0,17.15,17.15,QPSO,19.41,19.41,QPSO
647,43838,18,6,77.7,13.0,incident,43,72,14.11,14.11,14.11,618.95,113.91,100.0,16.32,16.32,16.32,704.62,81.5,100.0,18.54,18.54,18.54,831.33,0.01,100.0,13.54,13.54,QPSO,23.92,23.92,QPSO
648,12807,13,5,84.5,8.5,uniform,35,45,9.09,9.09,9.09,334.62,44.65,100.0,9.63,9.63,9.63,348.81,48.83,100.0,10.09,10.09,10.09,375.62,0.01,100.0,5.6,5.6,QPSO,9.86,9.86,QPSO
649,63371,19,5,97.4,8.0,rush_hour,41,67,20.25,20.25,20.25,579.58,76.04,100.0,23.27,23.27,23.27,700.04,55.03,100.0,24.74,24.74,24.74,687.66,0.01,100.0,12.98,12.98,QPSO,18.13,18.13,QPSO
650,92471,12,4,94.0,13.0,rush_hour,45,76,8.94,8.94,8.94,366.27,88.11,100.0,9.51,9.51,9.51,404.67,59.79,100.0,12.86,12.86,12.86,579.71,0.01,100.0,6.04,6.04,QPSO,30.51,30.51,QPSO
651,26703,18,6,82.1,13.0,rush_hour,43,45,15.82,15.82,15.82,750.96,55.01,100.0,17.44,17.44,17.44,830.99,44.14,100.0,21.34,21.34,21.34,986.64,0.01,100.0,9.26,9.26,QPSO,25.86,25.86,QPSO
652,15749,20,6,91.2,8.5,rush_hour,36,78,25.36,25.36,25.36,617.97,108.62,100.0,33.45,33.45,33.45,846.99,85.9,100.0,34.93,34.93,34.93,958.36,0.04,100.0,24.2,24.2,QPSO,27.41,27.41,QPSO
653,86905,10,5,78.5,17.5,rush_hour,44,49,8.39,8.39,8.39,374.58,80.35,100.0,8.39,8.39,8.39,374.58,40.34,100.0,11.81,11.81,11.81,544.96,0.0,100.0,0.0,0.0,Tie,28.97,28.97,QPSO
654,58732,10,5,80.0,8.5,incident,27,47,10.24,10.24,10.24,412.11,39.98,100.0,10.2,10.2,10.2,419.36,41.86,100.0,10.56,10.56,10.56,417.57,0.01,100.0,-0.37,-0.37,Classical PSO,3.06,3.06,QPSO
655,97938,10,3,117.4,9.0,uniform,35,47,9.34,9.34,9.34,406.79,42.11,100.0,9.97,9.97,9.97,430.51,35.64,100.0,12.74,12.74,12.74,499.39,0.0,100.0,6.38,6.38,QPSO,26.7,26.7,QPSO
656,40992,17,6,71.1,18.0,incident,31,53,15.86,15.86,15.86,664.08,64.94,100.0,18.26,18.26,18.26,744.1,46.75,100.0,19.27,19.27,19.27,848.63,0.01,100.0,13.15,13.15,QPSO,17.71,17.71,QPSO
657,72620,18,5,97.4,18.0,incident,25,64,14.36,14.36,14.36,585.66,74.33,100.0,14.94,14.94,14.94,594.59,54.23,100.0,20.12,20.12,20.12,852.49,0.01,100.0,3.89,3.89,QPSO,28.62,28.62,QPSO
658,77415,20,7,82.8,9.0,uniform,44,57,13.88,13.88,13.88,603.95,73.29,100.0,15.4,15.4,15.4,650.55,50.5,100.0,17.89,17.89,17.89,743.76,0.01,100.0,9.86,9.86,QPSO,22.4,22.4,QPSO
659,7957,17,6,73.3,18.0,incident,36,46,18.52,18.52,18.52,724.58,67.69,100.0,21.74,21.74,21.74,866.79,60.92,100.0,23.13,23.13,23.13,933.25,0.08,100.0,14.82,14.82,QPSO,19.92,19.92,QPSO
660,3500,14,5,81.6,17.5,incident,28,60,11.56,11.56,11.56,529.63,74.64,100.0,12.28,12.28,12.28,522.56,81.96,100.0,15.57,15.57,15.57,682.08,0.01,100.0,5.92,5.92,QPSO,25.79,25.79,QPSO
661,64525,19,6,79.3,17.5,incident,25,42,17.53,17.53,17.53,665.92,32.02,100.0,17.54,17.54,17.54,698.38,23.04,100.0,21.2,21.2,21.2,875.14,0.01,100.0,0.05,0.05,QPSO,17.3,17.3,QPSO
662,33426,18,6,86.7,18.0,uniform,25,62,14.84,14.84,14.84,603.26,55.01,100.0,17.01,17.01,17.01,740.95,37.55,100.0,18.21,18.21,18.21,781.69,0.01,100.0,12.76,12.76,QPSO,18.46,18.46,QPSO
663,90694,15,4,101.3,17.5,rush_hour,26,80,11.72,11.72,11.72,494.24,81.61,100.0,14.07,14.07,14.07,567.59,59.0,100.0,14.13,14.13,14.13,595.45,0.01,100.0,16.68,16.68,QPSO,17.05,17.05,QPSO
664,34774,16,5,117.2,8.5,uniform,35,65,11.95,11.95,11.95,504.88,67.31,100.0,14.29,14.29,14.29,637.71,59.49,100.0,13.74,13.74,13.74,604.11,0.01,100.0,16.36,16.36,QPSO,13.02,13.02,QPSO
665,87105,12,5,106.5,18.0,incident,45,54,15.59,15.59,15.59,592.07,43.96,100.0,14.13,14.13,14.13,550.66,34.49,100.0,17.67,17.67,17.67,752.93,0.01,100.0,-10.36,-10.36,Classical PSO,11.74,11.74,QPSO
666,55700,13,5,91.3,17.5,rush_hour,39,74,13.5,13.5,13.5,593.91,73.88,100.0,13.05,13.05,13.05,519.98,51.43,100.0,16.3,16.3,16.3,732.68,0.06,100.0,-3.43,-3.43,Classical PSO,17.17,17.17,QPSO
667,18271,13,4,99.1,8.5,rush_hour,41,48,15.17,15.17,15.17,401.21,33.59,100.0,15.63,15.63,15.63,430.22,28.37,100.0,19.95,19.95,19.95,594.15,0.01,100.0,2.96,2.96,QPSO,23.95,23.95,QPSO
668,57369,12,4,85.9,8.5,rush_hour,29,41,16.18,16.18,16.18,359.49,21.81,100.0,17.11,17.11,17.11,342.97,19.53,100.0,16.95,16.95,16.95,414.52,0.01,100.0,5.41,5.41,QPSO,4.52,4.52,QPSO
669,42771,16,5,85.2,8.5,uniform,28,48,14.36,14.36,14.36,659.75,37.83,100.0,15.68,15.68,15.68,685.35,27.82,100.0,19.77,19.77,19.77,851.34,0.01,100.0,8.41,8.41,QPSO,27.38,27.38,QPSO
670,25215,10,5,100.3,8.5,incident,32,54,8.68,8.68,8.68,355.24,28.84,100.0,8.68,8.68,8.68,355.24,31.58,100.0,11.9,11.9,11.9,537.8,0.48,100.0,0.0,0.0,Tie,27.06,27.06,QPSO
671,91095,10,5,74.0,8.5,incident,44,70,9.8,9.8,9.8,371.19,42.08,100.0,9.8,9.8,9.8,371.19,56.97,100.0,13.23,13.23,13.23,525.52,0.21,100.0,0.0,0.0,Tie,25.96,25.96,QPSO
672,94325,20,7,79.2,13.0,rush_hour,29,50,13.27,13.27,13.27,509.0,31.5,100.0,16.32,16.32,16.32,607.43,20.36,100.0,17.44,17.44,17.44,698.91,0.01,100.0,18.71,18.71,QPSO,23.94,23.94,QPSO
673,26330,13,4,90.4,9.0,rush_hour,32,52,18.43,18.43,18.43,445.82,40.78,100.0,22.09,22.09,22.09,615.64,28.43,100.0,25.11,25.11,25.11,671.62,0.06,100.0,16.57,16.57,QPSO,26.63,26.63,QPSO
674,27812,11,4,116.4,17.5,rush_hour,35,69,7.79,7.79,7.79,351.01,50.17,100.0,8.36,8.36,8.36,404.61,37.2,100.0,10.65,10.65,10.65,503.19,0.06,100.0,6.89,6.89,QPSO,26.89,26.89,QPSO
675,33346,16,5,108.8,18.0,rush_hour,37,79,12.5,12.5,12.5,514.12,55.46,100.0,12.38,12.38,12.38,519.65,44.54,100.0,15.51,15.51,15.51,675.18,0.01,100.0,-0.98,-0.98,Classical PSO,19.4,19.4,QPSO
676,98316,19,5,96.0,13.0,uniform,32,73,17.45,17.45,17.45,761.08,55.5,100.0,19.4,19.4,19.4,792.69,46.22,100.0,19.64,19.64,19.64,873.18,0.01,100.0,10.04,10.04,QPSO,11.13,11.13,QPSO
677,71499,16,5,97.9,8.5,rush_hour,39,65,21.88,21.88,21.88,572.66,55.11,100.0,21.83,21.83,21.83,615.99,36.86,100.0,24.04,24.04,24.04,643.53,0.01,100.0,-0.22,-0.22,Classical PSO,8.99,8.99,QPSO
678,40918,14,5,78.3,17.5,uniform,41,49,13.39,13.39,13.39,499.42,33.22,100.0,12.3,12.3,12.3,468.26,32.64,100.0,18.19,18.19,18.19,722.04,0.01,100.0,-8.84,-8.84,Classical PSO,26.39,26.39,QPSO
679,61762,20,7,74.5,8.5,incident,42,48,19.11,19.11,19.11,778.99,54.19,100.0,21.21,21.21,21.21,857.34,29.38,100.0,22.34,22.34,22.34,850.77,0.01,100.0,9.92,9.92,QPSO,14.45,14.45,QPSO
680,52520,16,5,92.5,13.0,incident,31,69,14.24,14.24,14.24,547.82,50.96,100.0,14.62,14.62,14.62,569.11,29.71,100.0,17.78,17.78,17.78,721.33,0.01,100.0,2.57,2.57,QPSO,19.92,19.92,QPSO
681,12820,14,4,104.6,18.0,incident,28,45,12.58,12.58,12.58,464.07,58.18,100.0,14.7,14.7,14.7,591.36,61.32,100.0,15.17,15.17,15.17,641.76,0.01,100.0,14.45,14.45,QPSO,17.07,17.07,QPSO
682,15963,17,6,74.3,18.0,incident,44,50,19.26,19.26,19.26,742.26,105.29,100.0,20.73,20.73,20.73,862.02,76.93,100.0,23.5,23.5,23.5,879.84,0.01,100.0,7.09,7.09,QPSO,18.04,18.04,QPSO
683,50634,18,7,72.2,9.0,incident,29,50,19.16,19.16,19.16,778.41,79.86,100.0,18.41,18.41,18.41,739.41,61.27,100.0,22.15,22.15,22.15,926.15,0.06,100.0,-4.09,-4.09,Classical PSO,13.47,13.47,QPSO
684,19953,12,5,91.0,18.0,rush_hour,34,80,12.03,12.03,12.03,523.41,82.91,100.0,12.03,12.03,12.03,523.41,114.95,100.0,14.06,14.06,14.06,590.11,0.04,100.0,0.0,0.0,Tie,14.41,14.41,QPSO
685,24684,11,3,118.0,17.5,rush_hour,25,69,7.5,7.5,7.5,283.54,75.66,100.0,7.5,7.5,7.5,283.54,71.83,100.0,11.23,11.23,11.23,475.27,0.01,100.0,0.0,0.0,Tie,33.23,33.23,QPSO
686,66225,17,5,100.4,8.5,uniform,43,70,13.27,13.27,13.27,583.59,87.85,100.0,14.19,14.19,14.19,612.29,89.0,100.0,20.48,20.48,20.48,902.37,0.01,100.0,6.47,6.47,QPSO,35.19,35.19,QPSO
687,60472,16,6,74.0,8.5,incident,33,79,16.48,16.48,16.48,634.86,88.03,100.0,19.31,19.31,19.31,813.34,66.86,100.0,20.99,20.99,20.99,868.41,0.01,100.0,14.69,14.69,QPSO,21.49,21.49,QPSO
688,83396,18,7,72.4,8.0,incident,36,42,18.59,18.59,18.59,648.51,43.12,100.0,20.82,20.82,20.82,724.62,36.92,100.0,24.77,24.77,24.77,891.48,0.01,100.0,10.72,10.72,QPSO,24.95,24.95,QPSO
689,20054,10,3,86.6,8.0,uniform,38,51,10.32,10.32,10.32,471.25,56.25,100.0,10.6,10.6,10.6,440.04,40.59,100.0,12.7,12.7,12.7,488.81,0.0,100.0,2.65,2.65,QPSO,18.76,18.76,QPSO
690,22146,20,5,100.6,13.0,incident,43,63,16.18,16.18,16.18,664.01,103.55,100.0,20.18,20.18,20.18,868.68,66.57,100.0,21.53,21.53,21.53,963.05,0.01,100.0,19.8,19.8,QPSO,24.83,24.83,QPSO
691,5697,11,5,86.1,8.0,rush_hour,42,44,13.45,13.45,13.45,385.69,39.47,100.0,15.19,15.19,15.19,481.8,38.25,100.0,20.21,20.21,20.21,545.03,0.01,100.0,11.43,11.43,QPSO,33.46,33.46,QPSO
692,39382,17,6,76.1,9.0,incident,38,73,16.27,16.27,16.27,671.08,81.32,100.0,15.84,15.84,15.84,656.39,83.02,100.0,22.57,22.57,22.57,889.19,0.01,100.0,-2.75,-2.75,Classical PSO,27.9,27.9,QPSO
693,28504,13,5,75.5,13.0,incident,44,58,11.72,11.72,11.72,479.47,71.82,100.0,12.9,12.9,12.9,547.95,53.84,100.0,11.81,11.81,11.81,484.89,0.01,100.0,9.11,9.11,QPSO,0.73,0.73,QPSO
694,56974,19,6,83.0,8.5,incident,43,71,17.64,17.64,17.64,772.51,87.45,100.0,19.43,19.43,19.43,772.78,60.43,100.0,19.32,19.32,19.32,857.55,0.01,100.0,9.18,9.18,QPSO,8.66,8.66,QPSO
695,69118,20,6,94.6,17.5,uniform,34,52,15.02,15.02,15.02,585.03,70.07,100.0,16.54,16.54,16.54,629.57,38.96,100.0,16.24,16.24,16.24,628.5,0.01,100.0,9.16,9.16,QPSO,7.48,7.48,QPSO
696,1207,11,3,93.2,18.0,uniform,44,66,10.54,10.54,10.54,390.64,87.32,100.0,11.39,11.39,11.39,459.75,51.69,100.0,12.47,12.47,12.47,470.24,0.01,100.0,7.5,7.5,QPSO,15.47,15.47,QPSO
697,55269,10,5,87.5,8.5,uniform,45,52,8.09,8.09,8.09,330.47,67.26,100.0,8.13,8.13,8.13,326.15,49.03,100.0,10.55,10.55,10.55,414.52,0.01,100.0,0.42,0.42,QPSO,23.29,23.29,QPSO
698,91441,14,5,109.5,9.0,incident,42,60,11.72,11.72,11.72,474.08,80.15,100.0,12.39,12.39,12.39,544.4,66.82,100.0,13.55,13.55,13.55,581.05,0.01,100.0,5.4,5.4,QPSO,13.54,13.54,QPSO
699,1803,11,4,87.1,8.5,uniform,35,61,13.42,13.42,13.42,504.6,66.97,100.0,13.55,13.55,13.55,511.37,42.34,100.0,15.16,15.16,15.16,530.35,0.0,100.0,0.95,0.95,QPSO,11.46,11.46,QPSO
700,89142,17,4,109.9,13.0,uniform,45,69,11.66,11.66,11.66,499.04,86.17,100.0,14.86,14.86,14.86,576.58,60.15,100.0,15.6,15.6,15.6,662.1,0.01,100.0,21.54,21.54,QPSO,25.23,25.23,QPSO
701,71381,15,5,109.2,18.0,uniform,41,59,13.86,13.86,13.86,500.14,98.16,100.0,12.58,12.58,12.58,478.17,92.89,100.0,16.05,16.05,16.05,657.61,0.01,100.0,-10.18,-10.18,Classical PSO,13.67,13.67,QPSO
702,75048,20,6,97.8,8.5,incident,35,62,18.42,18.42,18.42,752.92,104.76,100.0,19.25,19.25,19.25,769.79,100.29,100.0,22.04,22.04,22.04,891.91,0.01,100.0,4.29,4.29,QPSO,16.41,16.41,QPSO
703,9678,12,4,112.0,13.0,incident,42,50,11.15,11.15,11.15,520.06,62.69,100.0,11.47,11.47,11.47,524.33,40.97,100.0,13.82,13.82,13.82,629.59,0.01,100.0,2.83,2.83,QPSO,19.36,19.36,QPSO
704,75839,19,6,79.4,9.0,incident,35,42,17.11,17.11,17.11,714.36,63.4,100.0,17.64,17.64,17.64,748.14,44.44,100.0,22.01,22.01,22.01,974.61,0.01,100.0,2.99,2.99,QPSO,22.26,22.26,QPSO
705,36585,16,5,94.9,9.0,rush_hour,34,53,21.1,21.1,21.1,677.49,55.08,100.0,22.63,22.63,22.63,679.81,51.76,100.0,25.38,25.38,25.38,807.53,0.04,100.0,6.74,6.74,QPSO,16.86,16.86,QPSO
706,69825,14,5,75.6,8.5,uniform,39,72,14.83,14.83,14.83,605.01,79.59,100.0,14.98,14.98,14.98,598.93,59.92,100.0,17.52,17.52,17.52,729.73,0.01,100.0,1.01,1.01,QPSO,15.33,15.33,QPSO
707,4268,17,6,79.5,18.0,incident,34,60,16.79,16.79,16.79,748.72,68.93,100.0,16.01,16.01,16.01,675.09,47.89,100.0,17.25,17.25,17.25,722.11,0.01,100.0,-4.84,-4.84,Classical PSO,2.69,2.69,QPSO
708,19781,11,4,80.3,13.0,rush_hour,41,47,9.3,9.3,9.3,378.6,46.04,100.0,9.3,9.3,9.3,378.6,40.06,100.0,12.69,12.69,12.69,542.21,0.0,100.0,0.0,0.0,Tie,26.7,26.7,QPSO
709,1538,14,4,104.4,9.0,rush_hour,26,46,18.76,18.76,18.76,508.97,52.64,100.0,17.31,17.31,17.31,450.2,45.64,100.0,22.99,22.99,22.99,626.85,0.01,100.0,-8.38,-8.38,Classical PSO,18.38,18.38,QPSO
710,69233,20,8,71.1,18.0,uniform,35,52,19.71,19.71,19.71,815.78,62.66,100.0,20.23,20.23,20.23,819.92,51.37,100.0,23.89,23.89,23.89,936.83,0.01,100.0,2.56,2.56,QPSO,17.51,17.51,QPSO
711,26237,14,5,96.6,18.0,uniform,33,49,10.74,10.74,10.74,450.12,63.48,100.0,11.23,11.23,11.23,471.7,51.62,100.0,14.59,14.59,14.59,587.99,0.01,100.0,4.43,4.43,QPSO,26.42,26.42,QPSO
712,21643,14,5,70.8,8.5,incident,36,75,11.71,11.71,11.71,405.12,82.79,100.0,11.71,11.71,11.71,405.12,68.09,100.0,14.41,14.41,14.41,496.4,0.01,100.0,0.0,0.0,Tie,18.72,18.72,QPSO
713,42744,14,4,117.2,17.5,uniform,30,44,12.08,12.08,12.08,452.27,45.43,100.0,13.96,13.96,13.96,564.43,37.5,100.0,13.04,13.04,13.04,515.51,0.01,100.0,13.45,13.45,QPSO,7.39,7.39,QPSO
714,41812,19,5,97.0,8.5,uniform,40,43,17.49,17.49,17.49,708.29,53.83,100.0,19.75,19.75,19.75,893.42,33.25,100.0,20.64,20.64,20.64,821.92,0.01,100.0,11.41,11.41,QPSO,15.26,15.26,QPSO
715,14884,16,6,74.3,8.5,incident,44,77,16.15,16.15,16.15,616.61,94.09,100.0,17.63,17.63,17.63,704.79,63.8,100.0,21.82,21.82,21.82,864.82,0.01,100.0,8.38,8.38,QPSO,25.95,25.95,QPSO
716,83505,17,5,85.6,18.0,incident,42,45,12.53,12.53,12.53,551.36,65.3,100.0,15.0,15.0,15.0,616.93,38.53,100.0,16.8,16.8,16.8,722.86,0.01,100.0,16.45,16.45,QPSO,25.38,25.38,QPSO
717,62039,19,7,74.6,8.0,rush_hour,34,69,30.07,30.07,30.07,807.29,123.56,100.0,32.47,32.47,32.47,855.07,74.86,100.0,37.2,37.2,37.2,1060.22,0.01,100.0,7.41,7.41,QPSO,19.18,19.18,QPSO
718,62675,13,5,77.2,9.0,rush_hour,30,61,17.34,17.34,17.34,528.63,53.37,100.0,17.77,17.77,17.77,539.11,57.95,100.0,21.43,21.43,21.43,627.15,0.01,100.0,2.45,2.45,QPSO,19.1,19.1,QPSO
719,43567,17,6,71.5,8.0,rush_hour,40,69,25.14,25.14,25.14,731.3,80.79,100.0,25.07,25.07,25.07,705.63,63.79,100.0,29.41,29.41,29.41,845.53,0.01,100.0,-0.28,-0.28,Classical PSO,14.5,14.5,QPSO
720,23387,14,4,100.2,17.5,uniform,37,46,11.32,11.32,11.32,455.82,42.72,100.0,13.33,13.33,13.33,539.09,42.28,100.0,17.46,17.46,17.46,725.76,0.01,100.0,15.04,15.04,QPSO,35.14,35.14,QPSO
721,43712,18,5,109.6,13.0,incident,38,55,12.83,12.83,12.83,548.27,93.81,100.0,15.04,15.04,15.04,647.12,86.8,100.0,14.84,14.84,14.84,641.04,0.01,100.0,14.68,14.68,QPSO,13.54,13.54,QPSO
722,82379,13,4,118.7,8.0,rush_hour,31,77,14.73,14.73,14.73,359.69,91.04,100.0,17.98,17.98,17.98,475.16,115.75,100.0,18.59,18.59,18.59,585.56,0.01,100.0,18.05,18.05,QPSO,20.75,20.75,QPSO
723,57511,16,5,97.2,8.5,incident,27,76,11.94,11.94,11.94,449.02,99.65,100.0,12.87,12.87,12.87,497.81,86.68,100.0,16.11,16.11,16.11,650.05,0.01,100.0,7.24,7.24,QPSO,25.87,25.87,QPSO
724,64783,11,4,86.3,13.0,uniform,34,65,12.03,12.03,12.03,478.9,73.43,100.0,12.98,12.98,12.98,577.1,75.66,100.0,15.98,15.98,15.98,705.17,0.01,100.0,7.3,7.3,QPSO,24.7,24.7,QPSO
725,10123,19,5,104.3,9.0,rush_hour,45,43,27.59,27.59,27.59,819.19,54.15,100.0,27.91,27.91,27.91,845.92,41.39,100.0,30.1,30.1,30.1,850.77,0.01,100.0,1.15,1.15,QPSO,8.35,8.35,QPSO
726,12866,13,5,114.4,8.0,uniform,29,68,9.98,9.98,9.98,405.74,64.19,100.0,9.98,9.98,9.98,405.74,55.23,100.0,14.17,14.17,14.17,561.12,0.01,100.0,0.0,0.0,Tie,29.6,29.6,QPSO
727,70632,14,5,100.8,8.5,uniform,35,59,12.03,12.03,12.03,481.74,67.03,100.0,12.0,12.0,12.0,480.77,53.37,100.0,15.74,15.74,15.74,646.74,0.01,100.0,-0.23,-0.23,Classical PSO,23.55,23.55,QPSO
728,75747,20,5,115.9,18.0,rush_hour,27,77,14.2,14.2,14.2,624.05,116.58,100.0,17.01,17.01,17.01,782.72,65.48,100.0,19.08,19.08,19.08,846.87,0.01,100.0,16.49,16.49,QPSO,25.57,25.57,QPSO
729,2064,19,5,112.4,8.0,rush_hour,42,43,16.09,16.09,16.09,479.91,49.35,100.0,19.04,19.04,19.04,557.7,29.31,100.0,20.05,20.05,20.05,591.89,0.01,100.0,15.52,15.52,QPSO,19.76,19.76,QPSO
730,1110,18,6,75.5,8.0,uniform,38,77,13.31,13.31,13.31,531.85,86.87,100.0,13.66,13.66,13.66,548.44,86.89,100.0,20.9,20.9,20.9,816.4,0.01,100.0,2.6,2.6,QPSO,36.33,36.33,QPSO
731,52677,20,5,105.6,13.0,rush_hour,42,53,16.58,16.58,16.58,728.03,73.84,100.0,16.88,16.88,16.88,734.58,46.7,100.0,20.75,20.75,20.75,937.47,0.05,100.0,1.75,1.75,QPSO,20.07,20.07,QPSO
732,87833,12,5,77.0,9.0,rush_hour,29,58,18.22,18.22,18.22,500.02,57.68,100.0,18.09,18.09,18.09,490.64,48.7,100.0,21.22,21.22,21.22,478.82,0.0,100.0,-0.68,-0.68,Classical PSO,14.14,14.14,QPSO
733,88826,12,5,70.6,8.5,incident,40,67,10.83,10.83,10.83,511.81,69.4,100.0,10.31,10.31,10.31,448.28,57.82,100.0,13.88,13.88,13.88,615.05,0.0,100.0,-4.99,-4.99,Classical PSO,21.99,21.99,QPSO
734,18796,11,4,102.1,13.0,incident,44,67,10.54,10.54,10.54,435.73,74.34,100.0,10.87,10.87,10.87,435.52,59.14,100.0,13.6,13.6,13.6,563.59,0.0,100.0,3.0,3.0,QPSO,22.53,22.53,QPSO
735,82690,12,5,95.5,13.0,rush_hour,32,51,11.35,11.35,11.35,485.32,54.49,100.0,11.22,11.22,11.22,436.47,54.99,100.0,13.67,13.67,13.67,509.08,0.01,100.0,-1.15,-1.15,Classical PSO,16.92,16.92,QPSO
736,56675,19,5,98.9,18.0,incident,33,66,14.54,14.54,14.54,642.04,93.85,100.0,15.67,15.67,15.67,685.92,85.3,100.0,17.64,17.64,17.64,760.01,0.01,100.0,7.17,7.17,QPSO,17.56,17.56,QPSO
737,72587,19,7,71.7,17.5,rush_hour,36,47,15.91,15.91,15.91,748.83,47.0,100.0,16.34,16.34,16.34,741.34,33.43,100.0,18.97,18.97,18.97,945.09,0.01,100.0,2.64,2.64,QPSO,16.12,16.12,QPSO
738,77056,17,6,77.1,13.0,incident,27,73,16.06,16.06,16.06,603.25,78.02,100.0,19.68,19.68,19.68,732.75,63.56,100.0,21.44,21.44,21.44,826.51,0.01,100.0,18.4,18.4,QPSO,25.09,25.09,QPSO
739,80963,11,5,93.6,18.0,incident,27,80,12.39,12.39,12.39,486.9,51.59,100.0,13.19,13.19,13.19,565.89,64.91,100.0,16.67,16.67,16.67,668.37,0.01,100.0,6.06,6.06,QPSO,25.68,25.68,QPSO
740,71673,19,5,100.7,17.5,uniform,40,69,16.25,16.25,16.25,604.02,58.58,100.0,14.99,14.99,14.99,581.95,42.12,100.0,18.18,18.18,18.18,721.36,0.01,100.0,-8.44,-8.44,Classical PSO,10.61,10.61,QPSO
741,68195,17,5,91.1,9.0,uniform,26,78,16.9,16.9,16.9,711.44,61.86,100.0,17.11,17.11,17.11,733.92,43.09,100.0,20.03,20.03,20.03,867.68,0.01,100.0,1.24,1.24,QPSO,15.62,15.62,QPSO
742,99228,14,5,73.1,17.5,uniform,43,43,14.11,14.11,14.11,599.82,36.14,100.0,14.85,14.85,14.85,636.96,26.79,100.0,15.16,15.16,15.16,633.9,0.01,100.0,4.96,4.96,QPSO,6.92,6.92,QPSO
743,87025,14,5,84.3,8.5,incident,27,57,14.38,14.38,14.38,574.27,47.03,100.0,15.08,15.08,15.08,650.86,32.4,100.0,19.75,19.75,19.75,874.8,0.01,100.0,4.67,4.67,QPSO,27.2,27.2,QPSO
744,34036,12,5,83.8,8.0,incident,28,78,12.06,12.06,12.06,532.15,43.45,100.0,12.06,12.06,12.06,532.15,32.06,100.0,15.01,15.01,15.01,672.19,0.01,100.0,-0.0,0.0,Tie,19.67,19.67,QPSO
745,23886,19,5,103.0,8.5,rush_hour,32,71,25.04,25.04,25.04,544.6,62.69,100.0,30.88,30.88,30.88,662.13,43.14,100.0,32.27,32.27,32.27,747.33,0.06,100.0,18.9,18.9,QPSO,22.39,22.39,QPSO
746,24699,18,6,87.1,8.5,incident,29,71,15.43,15.43,15.43,660.3,60.55,100.0,17.88,17.88,17.88,758.35,42.7,100.0,17.86,17.86,17.86,787.79,0.01,100.0,13.71,13.71,QPSO,13.59,13.59,QPSO
747,99665,16,5,81.9,18.0,incident,30,53,15.57,15.57,15.57,557.09,37.15,100.0,15.81,15.81,15.81,598.64,23.38,100.0,18.68,18.68,18.68,702.46,0.01,100.0,1.52,1.52,QPSO,16.67,16.67,QPSO
748,76727,15,4,102.1,8.0,uniform,39,65,10.97,10.97,10.97,474.37,50.21,100.0,10.97,10.97,10.97,474.37,41.8,100.0,14.53,14.53,14.53,600.49,0.01,100.0,-0.0,0.0,Tie,24.48,24.48,QPSO
749,63420,14,4,107.3,13.0,incident,37,70,11.18,11.18,11.18,469.9,47.29,100.0,10.44,10.44,10.44,431.81,34.51,100.0,12.95,12.95,12.95,572.39,0.01,100.0,-7.07,-7.07,Classical PSO,13.66,13.66,QPSO
750,35422,12,5,70.6,13.0,incident,35,73,12.94,12.94,12.94,477.62,47.13,100.0,13.22,13.22,13.22,511.04,47.96,100.0,14.52,14.52,14.52,536.74,0.01,100.0,2.15,2.15,QPSO,10.88,10.88,QPSO
751,90505,10,5,115.9,9.0,rush_hour,44,57,13.98,13.98,13.98,443.67,48.99,100.0,13.51,13.51,13.51,426.92,23.43,100.0,15.45,15.45,15.45,469.05,0.0,100.0,-3.45,-3.45,Classical PSO,9.49,9.49,QPSO
752,44904,14,5,110.1,18.0,incident,37,69,11.44,11.44,11.44,450.94,45.16,100.0,11.6,11.6,11.6,466.08,36.23,100.0,13.37,13.37,13.37,538.67,0.01,100.0,1.4,1.4,QPSO,14.45,14.45,QPSO
753,89511,13,4,96.0,9.0,incident,25,40,13.89,13.89,13.89,546.96,20.16,100.0,13.71,13.71,13.71,510.98,16.64,100.0,17.0,17.0,17.0,684.49,0.47,100.0,-1.29,-1.29,Classical PSO,18.27,18.27,QPSO
754,9906,10,4,74.9,18.0,rush_hour,36,54,9.93,9.93,9.93,404.16,35.71,100.0,10.28,10.28,10.28,426.8,31.96,100.0,11.68,11.68,11.68,476.51,0.05,100.0,3.38,3.38,QPSO,14.97,14.97,QPSO
755,96060,14,5,79.7,17.5,uniform,26,78,10.57,10.57,10.57,473.99,55.8,100.0,11.92,11.92,11.92,511.04,47.19,100.0,14.48,14.48,14.48,657.36,0.01,100.0,11.32,11.32,QPSO,26.99,26.99,QPSO
756,87062,13,4,105.4,8.0,incident,29,64,13.27,13.27,13.27,464.17,40.11,100.0,13.58,13.58,13.58,434.62,35.62,100.0,16.05,16.05,16.05,560.26,0.01,100.0,2.24,2.24,QPSO,17.31,17.31,QPSO
757,87034,20,5,114.8,9.0,rush_hour,39,44,20.07,20.07,20.07,573.86,25.87,100.0,27.08,27.08,27.08,760.82,29.03,100.0,26.09,26.09,26.09,726.81,0.01,100.0,25.9,25.9,QPSO,23.08,23.08,QPSO
758,84726,17,5,108.5,9.0,uniform,27,57,15.32,15.32,15.32,644.3,35.07,100.0,14.72,14.72,14.72,594.01,32.47,100.0,21.34,21.34,21.34,807.22,0.01,100.0,-4.07,-4.07,Classical PSO,28.2,28.2,QPSO
759,9177,16,5,86.6,9.0,rush_hour,30,68,18.5,18.5,18.5,473.83,60.11,100.0,19.68,19.68,19.68,478.28,34.27,100.0,23.44,23.44,23.44,687.18,0.01,100.0,6.0,6.0,QPSO,21.05,21.05,QPSO
760,10096,17,5,100.5,18.0,rush_hour,28,49,12.13,12.13,12.13,540.33,35.79,100.0,14.41,14.41,14.41,651.56,26.45,100.0,16.32,16.32,16.32,729.78,0.01,100.0,15.8,15.8,QPSO,25.63,25.63,QPSO
761,71861,16,4,100.7,13.0,incident,33,46,10.47,10.47,10.47,427.33,35.63,100.0,12.56,12.56,12.56,507.31,25.78,100.0,13.51,13.51,13.51,546.46,0.13,100.0,16.66,16.66,QPSO,22.52,22.52,QPSO
762,5569,11,4,98.6,13.0,uniform,40,49,8.71,8.71,8.71,363.98,29.45,100.0,8.77,8.77,8.77,374.43,23.04,100.0,9.82,9.82,9.82,400.5,0.0,100.0,0.68,0.68,QPSO,11.26,11.26,QPSO
763,86572,20,5,116.6,9.0,uniform,35,65,16.05,16.05,16.05,644.54,48.03,100.0,19.83,19.83,19.83,845.26,35.86,100.0,17.11,17.11,17.11,716.78,0.01,100.0,19.08,19.08,QPSO,6.21,6.21,QPSO
764,76319,10,4,93.9,18.0,uniform,42,54,6.64,6.64,6.64,325.54,27.3,100.0,6.35,6.35,6.35,326.33,23.45,100.0,9.35,9.35,9.35,467.01,0.0,100.0,-4.55,-4.55,Classical PSO,28.98,28.98,QPSO
765,1433,16,6,76.1,9.0,incident,34,65,14.36,14.36,14.36,543.29,39.71,100.0,16.23,16.23,16.23,642.76,50.21,100.0,17.5,17.5,17.5,742.55,0.02,100.0,11.54,11.54,QPSO,17.94,17.94,QPSO
766,8234,20,6,88.3,8.0,rush_hour,34,52,22.45,22.45,22.45,569.03,41.14,100.0,30.03,30.03,30.03,808.42,33.26,100.0,29.19,29.19,29.19,772.36,0.01,100.0,25.25,25.25,QPSO,23.1,23.1,QPSO
767,24149,18,4,118.4,9.0,incident,37,46,14.73,14.73,14.73,543.46,42.46,100.0,14.53,14.53,14.53,543.82,30.13,100.0,18.32,18.32,18.32,671.94,0.01,100.0,-1.36,-1.36,Classical PSO,19.61,19.61,QPSO
768,83656,15,6,74.2,18.0,uniform,29,42,16.35,16.35,16.35,643.06,29.42,100.0,16.24,16.24,16.24,677.37,24.14,100.0,17.18,17.18,17.18,726.63,0.01,100.0,-0.67,-0.67,Classical PSO,4.83,4.83,QPSO
769,26309,10,3,94.5,17.5,incident,34,71,9.78,9.78,9.78,346.88,53.89,100.0,9.23,9.23,9.23,332.0,44.96,100.0,12.58,12.58,12.58,457.54,0.0,100.0,-5.88,-5.88,Classical PSO,22.26,22.26,QPSO
770,70984,17,6,71.9,9.0,incident,26,65,14.08,14.08,14.08,647.79,44.12,100.0,16.95,16.95,16.95,718.7,37.85,100.0,17.51,17.51,17.51,817.98,0.01,100.0,16.91,16.91,QPSO,19.6,19.6,QPSO
771,16491,13,5,117.0,8.5,incident,43,54,13.67,13.67,13.67,474.59,56.84,100.0,14.28,14.28,14.28,488.88,25.5,100.0,14.35,14.35,14.35,492.04,0.05,100.0,4.28,4.28,QPSO,4.78,4.78,QPSO
772,10441,10,3,94.4,13.0,incident,26,55,11.8,11.8,11.8,385.72,34.54,100.0,10.97,10.97,10.97,386.01,27.17,100.0,15.39,15.39,15.39,518.6,0.0,100.0,-7.54,-7.54,Classical PSO,23.35,23.35,QPSO
773,92920,20,8,70.7,9.0,uniform,39,79,19.94,19.94,19.94,768.66,70.95,100.0,22.71,22.71,22.71,911.56,39.41,100.0,26.24,26.24,26.24,1030.47,0.06,100.0,12.19,12.19,QPSO,24.01,24.01,QPSO
774,23372,19,5,110.9,8.0,rush_hour,44,79,19.13,19.13,19.13,539.64,71.81,100.0,20.84,20.84,20.84,552.7,44.75,100.0,24.12,24.12,24.12,645.99,0.01,100.0,8.18,8.18,QPSO,20.69,20.69,QPSO
775,29910,11,5,91.3,9.0,uniform,43,74,6.32,6.32,6.32,259.18,50.54,100.0,6.43,6.43,6.43,303.33,37.51,100.0,8.88,8.88,8.88,387.79,0.01,100.0,1.77,1.77,QPSO,28.86,28.86,QPSO
776,19000,15,4,108.2,9.0,uniform,28,57,14.26,14.26,14.26,554.1,45.7,100.0,13.81,13.81,13.81,549.63,35.52,100.0,16.83,16.83,16.83,712.94,0.01,100.0,-3.27,-3.27,Classical PSO,15.26,15.26,QPSO
777,19512,16,4,104.8,13.0,uniform,43,42,13.2,13.2,13.2,515.69,32.95,100.0,13.53,13.53,13.53,525.54,25.9,100.0,18.9,18.9,18.9,704.42,0.01,100.0,2.44,2.44,QPSO,30.16,30.16,QPSO
778,18481,11,3,108.9,13.0,uniform,25,40,7.05,7.05,7.05,330.98,26.35,100.0,8.84,8.84,8.84,337.37,23.18,100.0,9.03,9.03,9.03,371.73,0.01,100.0,20.27,20.27,QPSO,21.91,21.91,QPSO
779,24516,11,5,90.8,18.0,uniform,31,49,9.78,9.78,9.78,391.8,23.1,100.0,9.9,9.9,9.9,418.54,24.74,100.0,13.39,13.39,13.39,553.01,0.0,100.0,1.18,1.18,QPSO,26.93,26.93,QPSO
780,84863,14,4,90.6,17.5,incident,26,78,13.2,13.2,13.2,500.57,61.14,100.0,14.11,14.11,14.11,560.83,47.34,100.0,19.5,19.5,19.5,799.81,0.01,100.0,6.44,6.44,QPSO,32.33,32.33,QPSO
781,24593,17,5,101.4,9.0,rush_hour,25,75,20.46,20.46,20.46,541.05,68.81,100.0,22.32,22.32,22.32,628.26,28.53,100.0,24.26,24.26,24.26,589.7,0.01,100.0,8.33,8.33,QPSO,15.68,15.68,QPSO
782,31885,13,3,119.3,17.5,rush_hour,42,72,11.08,11.08,11.08,461.24,42.23,100.0,11.07,11.07,11.07,483.57,34.04,100.0,14.18,14.18,14.18,586.0,0.02,100.0,-0.05,-0.05,Classical PSO,21.88,21.88,QPSO
783,29740,17,6,83.8,8.0,uniform,40,71,14.44,14.44,14.44,555.66,61.37,100.0,16.35,16.35,16.35,672.21,31.6,100.0,18.96,18.96,18.96,787.33,0.01,100.0,11.64,11.64,QPSO,23.81,23.81,QPSO
784,24111,12,5,72.7,9.0,uniform,38,56,11.58,11.58,11.58,445.07,42.66,100.0,12.4,12.4,12.4,499.23,30.59,100.0,12.22,12.22,12.22,508.43,0.01,100.0,6.59,6.59,QPSO,5.22,5.22,QPSO
785,44816,19,7,72.2,17.5,uniform,30,41,18.87,18.87,18.87,737.97,33.57,100.0,21.2,21.2,21.2,820.03,23.29,100.0,23.16,23.16,23.16,903.17,0.01,100.0,10.98,10.98,QPSO,18.52,18.52,QPSO
786,64577,18,7,73.5,18.0,rush_hour,43,77,15.91,15.91,15.91,680.93,64.54,100.0,15.91,15.91,15.91,716.42,49.63,100.0,19.43,19.43,19.43,814.41,0.02,100.0,-0.02,-0.02,Classical PSO,18.11,18.11,QPSO
787,43725,16,5,107.4,8.5,uniform,35,54,12.77,12.77,12.77,546.81,27.14,100.0,12.64,12.64,12.64,568.71,34.83,100.0,13.52,13.52,13.52,600.06,0.03,100.0,-1.02,-1.02,Classical PSO,5.58,5.58,QPSO
788,13853,13,4,113.5,8.5,uniform,40,77,7.65,7.65,7.65,319.23,56.87,100.0,8.7,8.7,8.7,377.71,44.68,100.0,8.52,8.52,8.52,339.96,0.01,100.0,12.04,12.04,QPSO,10.22,10.22,QPSO
789,64492,10,5,77.2,8.5,rush_hour,36,48,19.41,19.41,19.41,544.98,28.11,100.0,19.29,19.29,19.29,508.25,21.76,100.0,21.43,21.43,21.43,597.88,0.01,100.0,-0.62,-0.62,Classical PSO,9.41,9.41,QPSO
790,60996,13,3,118.8,9.0,uniform,26,76,8.04,8.04,8.04,339.18,48.8,100.0,10.12,10.12,10.12,404.66,47.51,100.0,12.86,12.86,12.86,500.68,0.01,100.0,20.56,20.56,QPSO,37.49,37.49,QPSO
791,8818,14,5,75.6,13.0,rush_hour,30,61,11.77,11.77,11.77,443.51,41.42,100.0,12.36,12.36,12.36,494.53,25.3,100.0,15.72,15.72,15.72,639.16,0.01,100.0,4.75,4.75,QPSO,25.11,25.11,QPSO
792,29816,14,4,109.5,17.5,incident,32,45,12.77,12.77,12.77,505.57,28.22,100.0,14.31,14.31,14.31,618.52,23.81,100.0,16.23,16.23,16.23,661.73,0.01,100.0,10.8,10.8,QPSO,21.32,21.32,QPSO
793,54961,18,4,113.1,17.5,rush_hour,39,57,11.79,11.79,11.79,551.35,49.88,100.0,12.86,12.86,12.86,581.67,36.87,100.0,14.9,14.9,14.9,773.09,0.01,100.0,8.32,8.32,QPSO,20.85,20.85,QPSO
794,2901,16,5,82.4,17.5,uniform,43,49,15.01,15.01,15.01,629.35,24.44,100.0,16.87,16.87,16.87,733.38,23.04,100.0,18.53,18.53,18.53,851.16,0.05,100.0,11.0,11.0,QPSO,18.96,18.96,QPSO
795,76196,10,3,119.0,13.0,incident,41,42,8.34,8.34,8.34,327.63,21.46,100.0,8.57,8.57,8.57,352.26,21.1,100.0,13.75,13.75,13.75,595.63,0.0,100.0,2.64,2.64,QPSO,39.31,39.31,QPSO
796,56797,18,5,94.0,13.0,rush_hour,32,45,15.12,15.12,15.12,589.06,36.96,100.0,16.81,16.81,16.81,679.62,24.23,100.0,18.8,18.8,18.8,748.72,0.01,100.0,10.1,10.1,QPSO,19.61,19.61,QPSO
797,74202,10,3,117.5,9.0,rush_hour,32,45,10.69,10.69,10.69,302.64,26.19,100.0,11.32,11.32,11.32,328.32,28.23,100.0,13.4,13.4,13.4,378.06,0.0,100.0,5.58,5.58,QPSO,20.22,20.22,QPSO
798,3087,17,6,78.1,17.5,incident,43,41,15.39,15.39,15.39,603.9,36.19,100.0,17.68,17.68,17.68,697.85,15.7,100.0,19.04,19.04,19.04,729.2,0.07,100.0,12.99,12.99,QPSO,19.17,19.17,QPSO
799,60616,17,5,113.7,8.5,rush_hour,45,69,23.95,23.95,23.95,600.87,56.36,100.0,25.72,25.72,25.72,643.49,31.21,100.0,27.01,27.01,27.01,666.56,0.01,100.0,6.87,6.87,QPSO,11.33,11.33,QPSO
800,93261,20,5,113.0,13.0,incident,35,73,14.92,14.92,14.92,637.04,62.03,100.0,17.83,17.83,17.83,730.7,41.59,100.0,18.58,18.58,18.58,773.08,0.23,100.0,16.34,16.34,QPSO,19.72,19.72,QPSO
801,5287,14,4,107.6,18.0,uniform,44,61,11.92,11.92,11.92,489.24,61.17,100.0,13.15,13.15,13.15,535.69,30.56,100.0,14.45,14.45,14.45,583.4,0.01,100.0,9.32,9.32,QPSO,17.53,17.53,QPSO
802,97437,10,3,114.4,13.0,rush_hour,39,79,7.13,7.13,7.13,261.03,49.28,100.0,7.13,7.13,7.13,261.03,30.94,100.0,7.46,7.46,7.46,292.81,0.01,100.0,0.0,0.0,Tie,4.41,4.41,QPSO
803,6357,15,5,78.8,17.5,incident,31,48,13.84,13.84,13.84,560.96,33.28,100.0,13.59,13.59,13.59,555.34,25.18,100.0,17.28,17.28,17.28,732.04,0.01,100.0,-1.8,-1.8,Classical PSO,19.9,19.9,QPSO
804,44899,13,4,102.5,18.0,uniform,35,62,13.96,13.96,13.96,519.11,51.69,100.0,13.02,13.02,13.02,496.45,45.5,100.0,18.07,18.07,18.07,669.05,0.04,100.0,-7.21,-7.21,Classical PSO,22.74,22.74,QPSO
805,36043,18,6,83.9,9.0,rush_hour,39,71,24.52,24.52,24.52,612.47,63.71,100.0,25.08,25.08,25.08,649.94,44.96,100.0,28.32,28.32,28.32,745.94,0.01,100.0,2.22,2.22,QPSO,13.4,13.4,QPSO
806,66726,18,5,93.5,13.0,incident,36,44,17.11,17.11,17.11,652.94,34.94,100.0,20.2,20.2,20.2,763.14,24.65,100.0,21.34,21.34,21.34,845.28,0.01,100.0,15.26,15.26,QPSO,19.8,19.8,QPSO
807,25687,17,6,74.0,9.0,uniform,28,50,15.23,15.23,15.23,647.18,37.1,100.0,16.13,16.13,16.13,623.88,33.19,100.0,20.55,20.55,20.55,823.17,0.01,100.0,5.54,5.54,QPSO,25.89,25.89,QPSO
808,37168,11,3,94.8,17.5,incident,25,58,10.64,10.64,10.64,432.07,39.86,100.0,10.25,10.25,10.25,393.74,22.43,100.0,14.3,14.3,14.3,614.67,0.01,100.0,-3.88,-3.88,Classical PSO,25.55,25.55,QPSO
809,55596,20,6,93.7,13.0,incident,45,41,15.46,15.46,15.46,651.5,46.81,100.0,16.51,16.51,16.51,696.49,26.39,100.0,21.28,21.28,21.28,926.73,0.02,100.0,6.38,6.38,QPSO,27.34,27.34,QPSO
810,39209,13,5,71.1,17.5,incident,35,66,11.31,11.31,11.31,564.02,41.47,100.0,11.56,11.56,11.56,582.98,47.21,100.0,11.34,11.34,11.34,564.81,0.01,100.0,2.13,2.13,QPSO,0.28,0.28,QPSO
811,76851,15,5,94.3,13.0,rush_hour,43,48,12.32,12.32,12.32,559.3,37.32,100.0,13.28,13.28,13.28,616.09,15.95,100.0,14.14,14.14,14.14,635.06,0.04,100.0,7.16,7.16,QPSO,12.81,12.81,QPSO
812,41172,12,5,81.3,9.0,uniform,29,62,10.89,10.89,10.89,416.79,39.55,100.0,11.79,11.79,11.79,462.17,37.33,100.0,11.91,11.91,11.91,475.99,0.02,100.0,7.62,7.62,QPSO,8.57,8.57,QPSO
813,38274,17,5,100.9,18.0,incident,34,51,14.77,14.77,14.77,649.12,42.54,100.0,17.75,17.75,17.75,812.05,36.57,100.0,17.58,17.58,17.58,786.12,0.08,100.0,16.77,16.77,QPSO,15.96,15.96,QPSO
814,23984,20,7,78.1,8.0,rush_hour,43,48,27.45,27.45,27.45,701.12,49.45,100.0,29.98,29.98,29.98,758.9,17.76,100.0,30.98,30.98,30.98,792.83,0.01,100.0,8.43,8.43,QPSO,11.39,11.39,QPSO
815,58788,14,5,79.2,18.0,rush_hour,36,49,11.81,11.81,11.81,509.5,37.03,100.0,12.59,12.59,12.59,517.73,22.99,100.0,12.43,12.43,12.43,513.17,0.01,100.0,6.26,6.26,QPSO,5.0,5.0,QPSO
816,49878,17,5,96.7,8.0,rush_hour,40,49,21.73,21.73,21.73,579.31,50.27,100.0,26.15,26.15,26.15,705.77,36.05,100.0,25.88,25.88,25.88,709.86,0.01,100.0,16.89,16.89,QPSO,16.03,16.03,QPSO
817,61036,15,6,70.2,18.0,incident,34,70,12.98,12.98,12.98,532.88,46.91,100.0,14.6,14.6,14.6,621.65,34.73,100.0,18.75,18.75,18.75,715.82,0.01,100.0,11.13,11.13,QPSO,30.78,30.78,QPSO
818,38988,19,5,110.0,9.0,incident,28,70,15.89,15.89,15.89,610.18,54.0,100.0,18.9,18.9,18.9,723.55,36.2,100.0,20.57,20.57,20.57,781.39,0.01,100.0,15.91,15.91,QPSO,22.73,22.73,QPSO
819,6253,12,5,85.4,17.5,uniform,39,62,12.65,12.65,12.65,469.28,51.97,100.0,13.85,13.85,13.85,555.23,39.19,100.0,14.74,14.74,14.74,532.08,0.01,100.0,8.63,8.63,QPSO,14.16,14.16,QPSO
820,13121,15,4,100.4,17.5,incident,32,57,11.91,11.91,11.91,530.03,38.11,100.0,13.76,13.76,13.76,573.57,29.8,100.0,16.3,16.3,16.3,697.01,0.01,100.0,13.4,13.4,QPSO,26.91,26.91,QPSO
821,26652,10,4,96.9,18.0,incident,27,72,9.25,9.25,9.25,398.75,36.42,100.0,9.98,9.98,9.98,390.6,32.35,100.0,12.79,12.79,12.79,552.23,0.07,100.0,7.37,7.37,QPSO,27.69,27.69,QPSO
822,52697,13,4,85.9,18.0,rush_hour,37,49,9.43,9.43,9.43,420.34,36.99,100.0,10.55,10.55,10.55,519.96,39.0,100.0,10.26,10.26,10.26,469.3,0.01,100.0,10.62,10.62,QPSO,8.1,8.1,QPSO
823,94842,16,5,89.3,9.0,rush_hour,36,59,20.46,20.46,20.46,569.38,47.72,100.0,21.46,21.46,21.46,604.11,32.91,100.0,22.47,22.47,22.47,644.41,0.01,100.0,4.62,4.62,QPSO,8.93,8.93,QPSO
824,59402,18,6,80.8,18.0,rush_hour,39,58,15.27,15.27,15.27,640.64,48.79,100.0,15.45,15.45,15.45,640.59,36.67,100.0,17.31,17.31,17.31,716.71,0.01,100.0,1.18,1.18,QPSO,11.76,11.76,QPSO
825,22468,16,6,77.0,8.5,uniform,34,70,14.95,14.95,14.95,575.29,55.01,100.0,15.4,15.4,15.4,624.37,40.75,100.0,19.23,19.23,19.23,772.18,0.01,100.0,2.95,2.95,QPSO,22.27,22.27,QPSO
826,69852,15,5,116.7,8.0,uniform,38,80,11.05,11.05,11.05,452.35,51.36,100.0,10.53,10.53,10.53,449.59,40.46,100.0,13.34,13.34,13.34,563.15,0.01,100.0,-4.96,-4.96,Classical PSO,17.13,17.13,QPSO
827,36825,16,5,97.8,8.5,uniform,37,58,12.39,12.39,12.39,499.09,46.18,100.0,12.4,12.4,12.4,476.42,36.85,100.0,16.25,16.25,16.25,659.11,0.02,100.0,0.07,0.07,QPSO,23.77,23.77,QPSO
828,73596,17,5,111.1,17.5,rush_hour,40,75,15.44,15.44,15.44,596.69,62.78,100.0,15.6,15.6,15.6,609.37,42.05,100.0,17.33,17.33,17.33,661.71,0.01,100.0,1.01,1.01,QPSO,10.93,10.93,QPSO
829,97974,17,6,71.3,8.5,rush_hour,34,80,32.09,32.09,32.09,733.82,50.15,100.0,31.34,31.34,31.34,707.64,36.82,100.0,33.11,33.11,33.11,749.52,0.01,100.0,-2.38,-2.38,Classical PSO,3.08,3.08,QPSO
830,84435,17,5,102.7,13.0,uniform,40,55,13.8,13.8,13.8,570.41,42.48,100.0,15.56,15.56,15.56,629.48,36.55,100.0,19.13,19.13,19.13,866.72,0.01,100.0,11.32,11.32,QPSO,27.86,27.86,QPSO
831,4728,11,3,94.7,17.5,incident,36,77,8.77,8.77,8.77,308.18,65.94,100.0,9.58,9.58,9.58,370.02,43.54,100.0,10.21,10.21,10.21,372.15,0.01,100.0,8.46,8.46,QPSO,14.11,14.11,QPSO
832,63978,19,5,113.4,18.0,uniform,36,72,14.68,14.68,14.68,599.5,53.91,100.0,16.1,16.1,16.1,698.02,35.25,100.0,21.55,21.55,21.55,858.96,0.01,100.0,8.82,8.82,QPSO,31.88,31.88,QPSO
833,97070,19,5,112.3,17.5,uniform,29,60,13.6,13.6,13.6,520.38,50.09,100.0,16.56,16.56,16.56,669.8,30.24,100.0,15.25,15.25,15.25,573.09,0.01,100.0,17.88,17.88,QPSO,10.8,10.8,QPSO
834,61429,12,5,78.2,9.0,rush_hour,45,62,14.58,14.58,14.58,378.41,40.8,100.0,14.23,14.23,14.23,415.16,44.7,100.0,18.73,18.73,18.73,580.75,0.01,100.0,-2.47,-2.47,Classical PSO,22.17,22.17,QPSO
835,7385,14,4,96.5,17.5,uniform,45,51,12.3,12.3,12.3,542.78,36.26,100.0,13.39,13.39,13.39,599.94,28.48,100.0,16.78,16.78,16.78,690.67,0.01,100.0,8.18,8.18,QPSO,26.71,26.71,QPSO
836,13387,19,5,97.2,18.0,rush_hour,33,63,15.09,15.09,15.09,618.98,69.15,100.0,17.01,17.01,17.01,671.53,31.92,100.0,19.82,19.82,19.82,826.6,0.05,100.0,11.3,11.3,QPSO,23.85,23.85,QPSO
837,13561,18,5,111.2,8.5,incident,34,63,18.46,18.46,18.46,668.25,44.22,100.0,19.53,19.53,19.53,711.51,37.63,100.0,19.08,19.08,19.08,738.78,0.01,100.0,5.51,5.51,QPSO,3.27,3.27,QPSO
838,64556,16,4,116.0,8.0,uniform,29,72,11.02,11.02,11.02,475.81,47.62,100.0,14.01,14.01,14.01,594.29,43.26,100.0,12.2,12.2,12.2,530.55,0.01,100.0,21.35,21.35,QPSO,9.66,9.66,QPSO
839,29981,13,4,90.9,8.0,uniform,25,70,13.92,13.92,13.92,492.26,52.7,100.0,16.16,16.16,16.16,609.73,46.92,100.0,18.21,18.21,18.21,686.15,0.05,100.0,13.87,13.87,QPSO,23.56,23.56,QPSO
840,46640,14,5,77.0,17.5,incident,35,51,11.78,11.78,11.78,485.61,32.69,100.0,11.78,11.78,11.78,485.61,32.51,100.0,14.83,14.83,14.83,637.71,0.01,100.0,-0.0,0.0,Tie,20.59,20.59,QPSO
841,94047,14,4,107.2,8.5,uniform,29,54,11.2,11.2,11.2,422.54,33.61,100.0,10.5,10.5,10.5,449.34,30.77,100.0,12.11,12.11,12.11,482.54,0.01,100.0,-6.65,-6.65,Classical PSO,7.5,7.5,QPSO
842,41295,12,4,76.5,13.0,incident,28,44,13.5,13.5,13.5,481.26,34.4,100.0,11.76,11.76,11.76,391.44,21.98,100.0,15.64,15.64,15.64,539.76,0.01,100.0,-14.78,-14.78,Classical PSO,13.68,13.68,QPSO
843,3464,17,6,72.1,8.0,incident,41,77,17.02,17.02,17.02,694.06,61.36,100.0,17.56,17.56,17.56,709.16,47.2,100.0,19.54,19.54,19.54,782.75,0.01,100.0,3.05,3.05,QPSO,12.87,12.87,QPSO
844,8768,17,4,115.4,8.0,rush_hour,25,46,22.52,22.52,22.52,614.16,29.21,100.0,27.17,27.17,27.17,644.45,26.13,100.0,23.56,23.56,23.56,649.94,0.01,100.0,17.13,17.13,QPSO,4.41,4.41,QPSO
845,17225,19,5,99.4,8.5,incident,36,41,16.33,16.33,16.33,578.86,39.25,100.0,19.03,19.03,19.03,738.25,24.1,100.0,20.85,20.85,20.85,797.98,0.01,100.0,14.16,14.16,QPSO,21.65,21.65,QPSO
846,12898,12,4,117.4,9.0,uniform,41,79,10.66,10.66,10.66,469.92,54.73,100.0,11.14,11.14,11.14,469.31,45.33,100.0,11.1,11.1,11.1,494.02,0.01,100.0,4.31,4.31,QPSO,3.95,3.95,QPSO
847,32696,18,6,75.0,17.5,uniform,31,58,17.4,17.4,17.4,746.6,45.04,100.0,17.69,17.69,17.69,708.88,24.61,100.0,20.41,20.41,20.41,915.3,0.01,100.0,1.64,1.64,QPSO,14.73,14.73,QPSO
848,23514,18,4,118.7,8.5,incident,40,63,15.21,15.21,15.21,567.39,61.4,100.0,16.06,16.06,16.06,573.35,33.3,100.0,17.26,17.26,17.26,650.33,0.01,100.0,5.32,5.32,QPSO,11.89,11.89,QPSO
849,92505,19,6,92.0,8.5,rush_hour,37,67,23.76,23.76,23.76,547.62,68.32,100.0,30.74,30.74,30.74,693.52,37.55,100.0,26.59,26.59,26.59,634.03,0.13,100.0,22.71,22.71,QPSO,10.67,10.67,QPSO
850,29085,18,5,90.4,8.0,rush_hour,28,73,22.94,22.94,22.94,626.39,66.37,100.0,24.66,24.66,24.66,718.05,35.25,100.0,24.93,24.93,24.93,688.1,0.01,100.0,6.96,6.96,QPSO,7.98,7.98,QPSO
851,18814,17,5,105.2,8.0,rush_hour,40,47,19.37,19.37,19.37,596.97,35.81,100.0,20.8,20.8,20.8,611.26,28.1,100.0,20.23,20.23,20.23,619.4,0.01,100.0,6.84,6.84,QPSO,4.23,4.23,QPSO
852,51434,14,5,100.0,18.0,rush_hour,32,75,10.01,10.01,10.01,458.59,57.04,100.0,10.1,10.1,10.1,469.92,45.25,100.0,11.91,11.91,11.91,533.42,0.01,100.0,0.96,0.96,QPSO,16.02,16.02,QPSO
853,54383,14,5,79.4,13.0,incident,36,51,11.88,11.88,11.88,525.57,36.03,100.0,12.66,12.66,12.66,552.67,20.36,100.0,16.56,16.56,16.56,748.16,0.01,100.0,6.21,6.21,QPSO,28.28,28.28,QPSO
854,2675,20,5,103.6,13.0,incident,27,47,14.67,14.67,14.67,599.59,24.58,100.0,16.04,16.04,16.04,645.01,15.74,100.0,18.59,18.59,18.59,760.33,0.01,100.0,8.56,8.56,QPSO,21.08,21.08,QPSO
855,19791,16,4,104.8,18.0,uniform,27,63,13.41,13.41,13.41,585.53,29.69,100.0,14.33,14.33,14.33,649.43,24.1,100.0,15.66,15.66,15.66,736.69,0.01,100.0,6.39,6.39,QPSO,14.35,14.35,QPSO
856,27094,15,5,99.7,8.0,uniform,38,71,11.01,11.01,11.01,495.52,34.53,100.0,11.61,11.61,11.61,499.27,28.31,100.0,13.67,13.67,13.67,604.97,0.34,100.0,5.24,5.24,QPSO,19.48,19.48,QPSO
857,37505,19,5,107.8,9.0,rush_hour,44,65,25.08,25.08,25.08,709.74,59.83,100.0,24.13,24.13,24.13,680.05,24.84,100.0,30.92,30.92,30.92,899.51,0.01,100.0,-3.93,-3.93,Classical PSO,18.89,18.89,QPSO
858,64508,18,6,77.4,8.0,uniform,33,71,16.37,16.37,16.37,709.54,40.41,100.0,16.7,16.7,16.7,712.66,29.89,100.0,17.82,17.82,17.82,761.05,0.01,100.0,1.99,1.99,QPSO,8.15,8.15,QPSO
859,66178,13,5,71.5,8.0,rush_hour,25,51,21.62,21.62,21.62,534.07,26.72,100.0,23.27,23.27,23.27,602.39,13.11,100.0,25.93,25.93,25.93,661.71,0.01,100.0,7.08,7.08,QPSO,16.62,16.62,QPSO
860,51152,19,7,77.6,8.0,incident,41,71,17.99,17.99,17.99,725.15,42.7,100.0,19.69,19.69,19.69,771.55,23.37,100.0,24.15,24.15,24.15,1022.01,0.01,100.0,8.61,8.61,QPSO,25.51,25.51,QPSO
861,62082,13,5,103.1,17.5,rush_hour,42,61,9.96,9.96,9.96,456.03,62.66,100.0,9.79,9.79,9.79,445.25,50.43,100.0,13.64,13.64,13.64,600.98,0.01,100.0,-1.75,-1.75,Classical PSO,27.02,27.02,QPSO
862,71848,18,4,117.6,13.0,uniform,37,68,10.42,10.42,10.42,423.06,88.5,100.0,15.17,15.17,15.17,632.2,57.81,100.0,14.46,14.46,14.46,606.29,0.05,100.0,31.28,31.28,QPSO,27.9,27.9,QPSO
863,42229,16,5,93.0,8.5,incident,34,50,11.76,11.76,11.76,507.02,63.07,100.0,13.12,13.12,13.12,587.92,41.88,100.0,16.42,16.42,16.42,723.66,0.01,100.0,10.32,10.32,QPSO,28.34,28.34,QPSO
864,65419,16,5,85.6,13.0,uniform,43,71,12.73,12.73,12.73,567.21,135.19,100.0,15.26,15.26,15.26,687.05,76.05,100.0,17.61,17.61,17.61,804.28,0.01,100.0,16.61,16.61,QPSO,27.71,27.71,QPSO
865,87517,18,5,93.8,17.5,uniform,37,56,14.44,14.44,14.44,556.75,65.33,100.0,16.19,16.19,16.19,664.15,56.13,100.0,18.92,18.92,18.92,768.9,0.01,100.0,10.78,10.78,QPSO,23.64,23.64,QPSO
866,65840,19,5,100.8,9.0,rush_hour,26,41,23.81,23.81,23.81,657.78,46.15,100.0,24.54,24.54,24.54,660.89,34.04,100.0,26.35,26.35,26.35,738.89,0.01,100.0,2.94,2.94,QPSO,9.63,9.63,QPSO
867,78393,10,4,111.8,18.0,incident,25,80,7.82,7.82,7.82,333.13,73.79,100.0,7.74,7.74,7.74,320.5,64.41,100.0,10.71,10.71,10.71,434.27,0.0,100.0,-1.0,-1.0,Classical PSO,26.98,26.98,QPSO
868,45729,16,5,91.4,13.0,rush_hour,26,55,12.7,12.7,12.7,561.6,40.45,100.0,14.08,14.08,14.08,608.09,42.25,100.0,15.3,15.3,15.3,685.53,0.01,100.0,9.8,9.8,QPSO,16.99,16.99,QPSO
869,33455,13,4,99.6,9.0,uniform,35,50,10.94,10.94,10.94,401.42,36.48,100.0,11.5,11.5,11.5,434.08,28.24,100.0,12.71,12.71,12.71,475.38,0.01,100.0,4.89,4.89,QPSO,13.95,13.95,QPSO
870,3583,18,7,71.9,17.5,incident,38,57,17.61,17.61,17.61,729.82,44.8,100.0,19.35,19.35,19.35,857.98,38.26,100.0,22.93,22.93,22.93,985.15,0.01,100.0,9.0,9.0,QPSO,23.23,23.23,QPSO
871,3674,17,5,119.3,17.5,rush_hour,35,76,11.95,11.95,11.95,491.14,54.12,100.0,12.83,12.83,12.83,542.89,43.44,100.0,15.58,15.58,15.58,697.18,0.01,100.0,6.87,6.87,QPSO,23.34,23.34,QPSO
872,13809,17,5,104.5,9.0,rush_hour,41,61,18.99,18.99,18.99,548.82,43.7,100.0,21.06,21.06,21.06,625.63,39.39,100.0,23.89,23.89,23.89,667.14,0.01,100.0,9.85,9.85,QPSO,20.52,20.52,QPSO
873,22840,19,6,88.2,8.5,rush_hour,45,44,22.73,22.73,22.73,574.16,30.29,100.0,24.88,24.88,24.88,662.46,21.64,100.0,31.67,31.67,31.67,781.23,0.06,100.0,8.65,8.65,QPSO,28.24,28.24,QPSO
874,71232,13,5,83.3,17.5,rush_hour,32,79,11.88,11.88,11.88,537.4,51.44,100.0,11.82,11.82,11.82,525.96,34.67,100.0,12.8,12.8,12.8,567.53,0.01,100.0,-0.52,-0.52,Classical PSO,7.15,7.15,QPSO
875,98371,11,4,99.6,8.0,incident,41,70,12.47,12.47,12.47,444.89,36.27,100.0,12.69,12.69,12.69,484.08,27.46,100.0,13.63,13.63,13.63,511.86,0.0,100.0,1.76,1.76,QPSO,8.55,8.55,QPSO
876,56981,13,5,109.8,9.0,incident,34,67,12.85,12.85,12.85,579.26,33.82,100.0,11.7,11.7,11.7,543.86,22.4,100.0,13.33,13.33,13.33,577.97,0.01,100.0,-9.84,-9.84,Classical PSO,3.61,3.61,QPSO
877,87960,18,6,80.0,9.0,incident,41,69,19.37,19.37,19.37,681.74,42.29,100.0,22.08,22.08,22.08,801.03,33.89,100.0,24.99,24.99,24.99,902.42,0.01,100.0,12.26,12.26,QPSO,22.47,22.47,QPSO
878,89022,18,4,114.0,17.5,rush_hour,31,69,12.64,12.64,12.64,512.72,49.21,100.0,14.65,14.65,14.65,638.66,37.9,100.0,16.27,16.27,16.27,695.87,0.01,100.0,13.73,13.73,QPSO,22.31,22.31,QPSO
879,36118,20,5,116.7,17.5,uniform,36,69,13.56,13.56,13.56,548.79,42.03,100.0,18.59,18.59,18.59,726.78,33.49,100.0,15.72,15.72,15.72,625.06,0.01,100.0,27.06,27.06,QPSO,13.74,13.74,QPSO
880,20365,13,5,107.3,13.0,rush_hour,35,44,11.37,11.37,11.37,499.98,18.41,100.0,11.7,11.7,11.7,512.65,12.78,100.0,13.38,13.38,13.38,609.68,0.01,100.0,2.79,2.79,QPSO,15.02,15.02,QPSO
881,84090,13,5,83.3,18.0,uniform,33,78,12.29,12.29,12.29,521.39,107.51,100.0,11.91,11.91,11.91,486.84,66.39,100.0,12.75,12.75,12.75,540.67,0.01,100.0,-3.2,-3.2,Classical PSO,3.59,3.59,QPSO
882,31950,16,6,75.7,8.0,uniform,34,69,12.62,12.62,12.62,564.94,111.56,100.0,13.34,13.34,13.34,536.89,90.88,100.0,14.38,14.38,14.38,633.86,0.01,100.0,5.37,5.37,QPSO,12.2,12.2,QPSO
883,64620,18,5,91.1,8.5,uniform,33,48,11.83,11.83,11.83,481.86,48.69,100.0,13.04,13.04,13.04,514.28,37.3,100.0,16.81,16.81,16.81,682.28,0.01,100.0,9.24,9.24,QPSO,29.6,29.6,QPSO
884,4819,14,4,102.9,18.0,uniform,40,41,10.73,10.73,10.73,433.38,42.05,100.0,11.39,11.39,11.39,501.48,42.98,100.0,16.85,16.85,16.85,708.5,0.01,100.0,5.79,5.79,QPSO,36.31,36.31,QPSO
885,8251,11,3,100.1,13.0,rush_hour,27,65,9.71,9.71,9.71,416.43,69.18,100.0,9.71,9.71,9.71,416.43,53.13,100.0,12.02,12.02,12.02,514.16,0.01,100.0,0.0,0.0,Tie,19.16,19.16,QPSO
886,95926,12,4,75.6,17.5,incident,43,73,11.85,11.85,11.85,434.77,52.11,100.0,12.46,12.46,12.46,446.89,51.99,100.0,14.43,14.43,14.43,520.2,0.01,100.0,4.86,4.86,QPSO,17.87,17.87,QPSO
887,34004,17,6,81.9,9.0,rush_hour,43,64,21.07,21.07,21.07,590.05,55.75,100.0,19.56,19.56,19.56,565.84,39.65,100.0,23.69,23.69,23.69,720.97,0.01,100.0,-7.75,-7.75,Classical PSO,11.06,11.06,QPSO
888,99090,13,5,80.9,8.5,uniform,33,68,11.68,11.68,11.68,473.81,51.12,100.0,11.21,11.21,11.21,458.98,29.68,100.0,15.31,15.31,15.31,652.89,0.01,100.0,-4.24,-4.24,Classical PSO,23.68,23.68,QPSO
889,54526,14,5,94.5,18.0,uniform,35,74,13.89,13.89,13.89,502.54,67.21,100.0,14.13,14.13,14.13,497.69,39.46,100.0,16.45,16.45,16.45,577.39,0.01,100.0,1.68,1.68,QPSO,15.53,15.53,QPSO
890,56545,17,4,118.2,9.0,rush_hour,36,59,17.88,17.88,17.88,471.85,43.8,100.0,23.2,23.2,23.2,671.48,33.46,100.0,20.26,20.26,20.26,524.46,0.03,100.0,22.93,22.93,QPSO,11.74,11.74,QPSO
891,3762,20,5,112.1,18.0,incident,32,56,18.59,18.59,18.59,642.84,40.83,100.0,20.33,20.33,20.33,763.84,27.8,100.0,20.58,20.58,20.58,769.05,0.01,100.0,8.52,8.52,QPSO,9.63,9.63,QPSO
892,73447,16,5,101.9,18.0,uniform,42,55,14.49,14.49,14.49,544.44,36.61,100.0,13.96,13.96,13.96,532.7,28.64,100.0,16.8,16.8,16.8,673.74,0.01,100.0,-3.85,-3.85,Classical PSO,13.75,13.75,QPSO
893,58986,16,5,115.5,9.0,rush_hour,27,55,18.73,18.73,18.73,493.91,27.55,100.0,23.19,23.19,23.19,562.46,21.49,100.0,25.69,25.69,25.69,668.87,0.01,100.0,19.21,19.21,QPSO,27.1,27.1,QPSO
894,39983,13,5,115.8,9.0,incident,38,42,12.82,12.82,12.82,490.18,19.76,100.0,14.08,14.08,14.08,527.3,14.42,100.0,17.81,17.81,17.81,693.81,0.01,100.0,8.93,8.93,QPSO,28.02,28.02,QPSO
895,36918,11,4,93.6,9.0,incident,38,46,9.08,9.08,9.08,413.65,19.63,100.0,10.11,10.11,10.11,449.04,15.83,100.0,12.56,12.56,12.56,566.72,0.0,100.0,10.19,10.19,QPSO,27.72,27.72,QPSO
896,22016,14,5,87.6,13.0,incident,25,43,11.18,11.18,11.18,442.46,24.26,100.0,12.22,12.22,12.22,478.63,18.83,100.0,18.37,18.37,18.37,749.55,0.01,100.0,8.51,8.51,QPSO,39.14,39.14,QPSO
897,85066,20,5,101.5,8.0,rush_hour,31,80,25.3,25.3,25.3,652.24,57.47,100.0,28.75,28.75,28.75,712.62,37.63,100.0,31.08,31.08,31.08,813.83,0.01,100.0,11.99,11.99,QPSO,18.59,18.59,QPSO
898,41048,15,5,75.5,17.5,incident,45,48,13.8,13.8,13.8,529.06,23.17,100.0,16.9,16.9,16.9,650.16,19.43,100.0,22.0,22.0,22.0,799.78,0.02,100.0,18.36,18.36,QPSO,37.28,37.28,QPSO
899,78858,20,5,109.6,13.0,rush_hour,29,56,18.37,18.37,18.37,770.08,27.99,100.0,18.41,18.41,18.41,780.1,15.76,100.0,21.64,21.64,21.64,892.03,0.01,100.0,0.18,0.18,QPSO,15.08,15.08,QPSO
900,23738,20,5,110.0,8.0,rush_hour,36,51,22.95,22.95,22.95,581.19,18.98,100.0,25.21,25.21,25.21,647.23,10.28,100.0,32.94,32.94,32.94,889.84,0.01,100.0,8.96,8.96,QPSO,30.33,30.33,QPSO
901,52576,16,6,71.0,17.5,incident,44,80,17.02,17.02,17.02,579.43,84.32,100.0,17.29,17.29,17.29,614.95,40.63,100.0,22.07,22.07,22.07,840.74,0.05,100.0,1.53,1.53,QPSO,22.85,22.85,QPSO
902,30977,11,4,79.9,8.0,rush_hour,44,67,17.03,17.03,17.03,404.96,46.38,100.0,17.57,17.57,17.57,435.37,39.46,100.0,18.78,18.78,18.78,444.11,0.0,100.0,3.08,3.08,QPSO,9.35,9.35,QPSO
903,79694,14,5,74.5,8.5,incident,28,40,13.38,13.38,13.38,556.91,31.98,100.0,13.38,13.38,13.38,556.91,25.45,100.0,15.4,15.4,15.4,649.8,0.1,100.0,0.0,0.0,Tie,13.09,13.09,QPSO
904,95186,18,5,108.7,18.0,rush_hour,28,54,14.45,14.45,14.45,647.85,35.05,100.0,13.77,13.77,13.77,620.82,25.25,100.0,16.6,16.6,16.6,724.49,0.01,100.0,-4.94,-4.94,Classical PSO,12.95,12.95,QPSO
905,94528,13,4,117.3,9.0,incident,40,64,10.83,10.83,10.83,459.52,46.17,100.0,11.03,11.03,11.03,474.43,29.2,100.0,13.61,13.61,13.61,540.78,0.01,100.0,1.79,1.79,QPSO,20.42,20.42,QPSO
906,18065,16,5,100.0,18.0,incident,31,66,10.57,10.57,10.57,480.75,30.78,100.0,10.54,10.54,10.54,480.08,26.64,100.0,14.09,14.09,14.09,620.4,0.05,100.0,-0.24,-0.24,Classical PSO,25.0,25.0,QPSO
907,24641,16,6,71.4,8.5,incident,39,55,15.38,15.38,15.38,627.8,32.46,100.0,16.51,16.51,16.51,653.67,24.57,100.0,19.36,19.36,19.36,778.93,0.04,100.0,6.84,6.84,QPSO,20.56,20.56,QPSO
908,49449,19,7,74.3,8.5,rush_hour,37,53,29.57,29.57,29.57,653.98,35.71,100.0,32.2,32.2,32.2,700.86,24.03,100.0,33.73,33.73,33.73,784.26,0.01,100.0,8.15,8.15,QPSO,12.33,12.33,QPSO
909,94498,16,5,106.8,8.0,uniform,42,43,11.16,11.16,11.16,486.06,21.68,100.0,11.89,11.89,11.89,512.13,16.7,100.0,14.68,14.68,14.68,635.97,0.01,100.0,6.17,6.17,QPSO,23.99,23.99,QPSO
910,7830,15,5,93.5,17.5,incident,44,42,12.53,12.53,12.53,534.81,20.47,100.0,11.64,11.64,11.64,508.85,14.02,100.0,17.21,17.21,17.21,781.23,0.01,100.0,-7.57,-7.57,Classical PSO,27.21,27.21,QPSO
911,1702,14,5,85.1,18.0,rush_hour,29,75,14.01,14.01,14.01,577.98,45.15,100.0,15.31,15.31,15.31,596.6,32.61,100.0,15.2,15.2,15.2,636.34,0.09,100.0,8.51,8.51,QPSO,7.84,7.84,QPSO
912,6390,19,6,83.0,9.0,rush_hour,29,45,20.24,20.24,20.24,728.26,23.14,100.0,20.73,20.73,20.73,758.99,19.92,100.0,26.77,26.77,26.77,971.76,0.01,100.0,2.35,2.35,QPSO,24.38,24.38,QPSO
913,42591,18,6,77.1,9.0,uniform,29,71,15.57,15.57,15.57,594.36,40.88,100.0,17.03,17.03,17.03,681.91,19.82,100.0,19.17,19.17,19.17,779.2,0.01,100.0,8.54,8.54,QPSO,18.78,18.78,QPSO
914,37831,15,5,84.1,17.5,rush_hour,41,60,13.28,13.28,13.28,566.01,32.68,100.0,16.05,16.05,16.05,642.24,17.72,100.0,15.15,15.15,15.15,637.72,0.01,100.0,17.24,17.24,QPSO,12.35,12.35,QPSO
915,58117,12,4,106.8,8.5,incident,45,68,9.52,9.52,9.52,367.75,28.53,100.0,9.53,9.53,9.53,400.36,20.08,100.0,11.99,11.99,11.99,457.81,0.01,100.0,0.12,0.12,QPSO,20.59,20.59,QPSO
916,7975,13,5,72.7,8.0,rush_hour,33,50,18.61,18.61,18.61,538.93,18.46,100.0,18.94,18.94,18.94,569.05,14.5,100.0,23.68,23.68,23.68,720.79,0.01,100.0,1.74,1.74,QPSO,21.44,21.44,QPSO
917,93531,17,6,75.8,8.0,rush_hour,36,75,27.56,27.56,27.56,704.97,33.51,100.0,28.88,28.88,28.88,747.06,20.95,100.0,29.93,29.93,29.93,790.02,0.15,100.0,4.58,4.58,QPSO,7.93,7.93,QPSO
918,64596,17,6,75.6,8.0,rush_hour,27,53,16.44,16.44,16.44,600.19,17.61,100.0,17.53,17.53,17.53,624.8,13.1,100.0,17.72,17.72,17.72,647.34,0.01,100.0,6.19,6.19,QPSO,7.21,7.21,QPSO
919,38239,12,4,107.5,17.5,incident,43,53,12.44,12.44,12.44,516.07,24.58,100.0,11.83,11.83,11.83,530.66,18.76,100.0,15.43,15.43,15.43,669.16,0.0,100.0,-5.16,-5.16,Classical PSO,19.33,19.33,QPSO
920,77486,10,3,90.8,8.5,rush_hour,28,61,14.62,14.62,14.62,344.97,23.57,100.0,14.97,14.97,14.97,359.48,22.53,100.0,19.6,19.6,19.6,443.44,0.01,100.0,2.33,2.33,QPSO,25.44,25.44,QPSO
921,4402,14,4,89.7,9.0,uniform,25,45,13.01,13.01,13.01,519.83,30.08,100.0,14.12,14.12,14.12,563.58,18.74,100.0,15.11,15.11,15.11,611.77,0.07,100.0,7.89,7.89,QPSO,13.95,13.95,QPSO
922,61323,20,6,92.7,17.5,incident,25,61,15.15,15.15,15.15,566.5,47.59,100.0,17.59,17.59,17.59,654.67,31.0,100.0,16.68,16.68,16.68,622.76,0.01,100.0,13.85,13.85,QPSO,9.19,9.19,QPSO
923,6747,20,6,86.2,8.5,uniform,45,58,18.54,18.54,18.54,830.41,57.37,100.0,19.33,19.33,19.33,813.16,38.09,100.0,23.26,23.26,23.26,1104.15,0.01,100.0,4.06,4.06,QPSO,20.27,20.27,QPSO
924,43358,10,5,97.4,13.0,uniform,37,56,7.25,7.25,7.25,335.76,31.93,100.0,7.25,7.25,7.25,335.76,34.17,100.0,10.56,10.56,10.56,481.77,0.01,100.0,-0.0,0.0,Tie,31.31,31.31,QPSO
925,24332,13,5,74.5,8.5,rush_hour,37,58,19.28,19.28,19.28,442.84,34.94,100.0,22.44,22.44,22.44,516.44,32.11,100.0,23.68,23.68,23.68,521.44,0.04,100.0,14.1,14.1,QPSO,18.61,18.61,QPSO
926,85825,20,7,76.0,13.0,incident,34,78,21.1,21.1,21.1,862.54,54.61,100.0,20.11,20.11,20.11,798.91,29.44,100.0,25.73,25.73,25.73,1073.83,0.01,100.0,-4.92,-4.92,Classical PSO,17.98,17.98,QPSO
927,18208,15,4,111.6,13.0,rush_hour,37,70,12.53,12.53,12.53,517.76,38.45,100.0,11.91,11.91,11.91,545.38,28.76,100.0,14.7,14.7,14.7,668.18,0.01,100.0,-5.25,-5.25,Classical PSO,14.71,14.71,QPSO
928,36190,19,7,74.5,9.0,incident,30,67,15.79,15.79,15.79,644.47,38.52,100.0,15.94,15.94,15.94,674.31,23.26,100.0,19.47,19.47,19.47,797.57,0.01,100.0,0.94,0.94,QPSO,18.88,18.88,QPSO
929,83665,16,6,72.0,13.0,incident,32,49,16.86,16.86,16.86,643.38,21.32,100.0,18.06,18.06,18.06,684.3,13.38,100.0,22.05,22.05,22.05,899.34,0.01,100.0,6.65,6.65,QPSO,23.52,23.52,QPSO
930,65922,18,6,84.5,8.0,rush_hour,34,49,26.69,26.69,26.69,704.25,26.14,100.0,27.63,27.63,27.63,689.02,26.09,100.0,31.4,31.4,31.4,785.86,0.01,100.0,3.4,3.4,QPSO,15.0,15.0,QPSO
931,17749,20,5,112.1,9.0,incident,26,75,14.89,14.89,14.89,576.08,39.18,100.0,16.76,16.76,16.76,648.11,28.99,100.0,18.64,18.64,18.64,719.81,0.01,100.0,11.15,11.15,QPSO,20.12,20.12,QPSO
932,11031,10,4,95.5,8.0,rush_hour,43,56,14.87,14.87,14.87,473.64,22.15,100.0,14.87,14.87,14.87,473.64,21.82,100.0,16.35,16.35,16.35,543.58,0.0,100.0,0.0,0.0,Tie,9.08,9.08,QPSO
933,47590,14,4,108.4,8.0,incident,39,51,10.97,10.97,10.97,448.81,25.26,100.0,10.97,10.97,10.97,446.13,16.88,100.0,13.28,13.28,13.28,481.07,0.01,100.0,-0.01,-0.01,Classical PSO,17.36,17.36,QPSO
934,24882,16,6,74.2,9.0,incident,39,68,16.88,16.88,16.88,712.71,31.48,100.0,18.1,18.1,18.1,786.94,24.48,100.0,21.64,21.64,21.64,992.41,0.01,100.0,6.74,6.74,QPSO,22.03,22.03,QPSO
935,82764,14,3,118.3,8.5,uniform,27,78,10.26,10.26,10.26,406.05,27.13,100.0,10.54,10.54,10.54,436.82,22.04,100.0,13.57,13.57,13.57,543.16,0.04,100.0,2.71,2.71,QPSO,24.44,24.44,QPSO
936,34989,20,6,91.7,8.0,rush_hour,28,40,26.47,26.47,26.47,825.57,19.1,100.0,30.67,30.67,30.67,890.2,16.9,100.0,30.92,30.92,30.92,837.09,0.02,100.0,13.71,13.71,QPSO,14.4,14.4,QPSO
937,23509,20,6,93.0,18.0,incident,44,71,20.94,20.94,20.94,814.26,42.78,100.0,20.77,20.77,20.77,773.96,24.98,100.0,25.04,25.04,25.04,989.29,0.01,100.0,-0.81,-0.81,Classical PSO,16.4,16.4,QPSO
938,40688,19,5,104.5,9.0,uniform,29,48,13.33,13.33,13.33,499.22,23.54,100.0,15.1,15.1,15.1,588.77,15.62,100.0,15.75,15.75,15.75,589.41,0.01,100.0,11.74,11.74,QPSO,15.39,15.39,QPSO
939,2818,13,5,110.8,8.5,uniform,31,70,11.8,11.8,11.8,462.41,26.17,100.0,13.15,13.15,13.15,497.93,25.61,100.0,16.02,16.02,16.02,621.18,0.01,100.0,10.24,10.24,QPSO,26.35,26.35,QPSO
940,86016,12,4,91.8,8.0,rush_hour,39,49,16.29,16.29,16.29,494.78,13.76,100.0,16.01,16.01,16.01,490.77,10.31,100.0,18.85,18.85,18.85,584.09,0.01,100.0,-1.74,-1.74,Classical PSO,13.6,13.6,QPSO
941,63126,16,6,75.8,18.0,incident,39,71,15.25,15.25,15.25,516.86,73.8,100.0,17.7,17.7,17.7,628.51,50.63,100.0,20.12,20.12,20.12,763.17,0.01,100.0,13.86,13.86,QPSO,24.19,24.19,QPSO
942,62799,10,3,99.3,9.0,incident,37,43,11.42,11.42,11.42,404.04,40.11,100.0,11.42,11.42,11.42,404.04,39.73,100.0,14.76,14.76,14.76,514.25,0.01,100.0,0.0,0.0,Tie,22.65,22.65,QPSO
943,44758,10,5,101.5,13.0,rush_hour,40,77,7.18,7.18,7.18,313.47,73.23,100.0,7.53,7.53,7.53,312.87,64.93,100.0,10.78,10.78,10.78,481.02,0.0,100.0,4.65,4.65,QPSO,33.42,33.42,QPSO
944,79097,18,7,71.9,13.0,incident,43,79,16.2,16.2,16.2,668.39,63.75,100.0,18.32,18.32,18.32,792.99,49.53,100.0,20.0,20.0,20.0,858.43,0.01,100.0,11.53,11.53,QPSO,18.96,18.96,QPSO
945,89954,17,5,105.7,13.0,incident,35,75,15.04,15.04,15.04,532.37,55.68,100.0,18.44,18.44,18.44,675.61,39.64,100.0,20.15,20.15,20.15,796.99,0.05,100.0,18.44,18.44,QPSO,25.36,25.36,QPSO
946,9324,14,4,114.5,13.0,incident,45,62,11.35,11.35,11.35,432.71,49.38,100.0,12.65,12.65,12.65,466.19,30.8,100.0,14.6,14.6,14.6,562.64,0.0,100.0,10.32,10.32,QPSO,22.28,22.28,QPSO
947,59762,16,6,78.1,13.0,rush_hour,39,54,15.28,15.28,15.28,618.28,40.17,100.0,15.52,15.52,15.52,625.12,28.68,100.0,19.99,19.99,19.99,806.19,0.01,100.0,1.57,1.57,QPSO,23.58,23.58,QPSO
948,67536,13,5,116.1,18.0,rush_hour,29,58,7.52,7.52,7.52,294.01,29.88,100.0,9.09,9.09,9.09,382.73,26.22,100.0,9.61,9.61,9.61,411.79,0.01,100.0,17.29,17.29,QPSO,21.76,21.76,QPSO
949,95764,16,5,111.7,13.0,uniform,44,53,14.12,14.12,14.12,610.87,45.38,100.0,13.79,13.79,13.79,620.21,24.6,100.0,16.09,16.09,16.09,695.32,0.01,100.0,-2.44,-2.44,Classical PSO,12.24,12.24,QPSO
950,38022,11,4,76.5,8.5,incident,40,46,9.35,9.35,9.35,333.44,26.16,100.0,9.46,9.46,9.46,334.51,21.64,100.0,11.51,11.51,11.51,410.27,0.0,100.0,1.18,1.18,QPSO,18.75,18.75,QPSO
951,55523,17,6,81.7,8.0,rush_hour,33,62,23.59,23.59,23.59,624.15,34.99,100.0,28.79,28.79,28.79,838.69,23.78,100.0,27.13,27.13,27.13,716.45,0.01,100.0,18.07,18.07,QPSO,13.05,13.05,QPSO
952,89726,12,5,111.4,8.0,uniform,35,67,8.64,8.64,8.64,362.6,37.91,100.0,10.53,10.53,10.53,448.86,24.36,100.0,13.49,13.49,13.49,549.11,0.0,100.0,17.99,17.99,QPSO,35.97,35.97,QPSO
953,15938,19,7,76.0,13.0,rush_hour,35,62,17.9,17.9,17.9,727.89,42.98,100.0,18.86,18.86,18.86,735.5,22.57,100.0,21.46,21.46,21.46,872.11,0.01,100.0,5.05,5.05,QPSO,16.58,16.58,QPSO
954,7117,18,4,114.8,18.0,uniform,39,69,15.65,15.65,15.65,623.48,49.43,100.0,15.7,15.7,15.7,638.25,32.86,100.0,19.78,19.78,19.78,771.8,0.03,100.0,0.27,0.27,QPSO,20.86,20.86,QPSO
955,15539,11,3,111.2,17.5,uniform,30,80,9.24,9.24,9.24,359.17,35.18,100.0,9.24,9.24,9.24,359.17,25.39,100.0,10.71,10.71,10.71,475.67,0.01,100.0,0.0,0.0,Tie,13.71,13.71,QPSO
956,16474,13,5,77.9,18.0,rush_hour,41,71,13.79,13.79,13.79,536.23,31.71,100.0,14.2,14.2,14.2,555.6,19.27,100.0,15.86,15.86,15.86,602.66,0.01,100.0,2.89,2.89,QPSO,13.02,13.02,QPSO
957,97017,11,4,102.4,8.5,uniform,31,68,10.05,10.05,10.05,424.5,16.12,100.0,10.13,10.13,10.13,496.28,13.84,100.0,13.92,13.92,13.92,618.29,0.01,100.0,0.79,0.79,QPSO,27.85,27.85,QPSO
958,55493,10,4,111.7,9.0,rush_hour,41,50,11.8,11.8,11.8,345.24,12.07,100.0,12.98,12.98,12.98,383.97,9.19,100.0,14.09,14.09,14.09,345.79,0.0,100.0,9.14,9.14,QPSO,16.29,16.29,QPSO
959,12171,14,5,105.8,9.0,incident,32,49,12.96,12.96,12.96,530.14,12.21,100.0,13.03,13.03,13.03,540.12,8.72,100.0,15.58,15.58,15.58,650.17,0.01,100.0,0.49,0.49,QPSO,16.79,16.79,QPSO
960,99724,18,5,109.4,13.0,rush_hour,38,69,12.19,12.19,12.19,567.53,20.12,100.0,13.47,13.47,13.47,663.79,13.54,100.0,13.59,13.59,13.59,657.64,0.01,100.0,9.47,9.47,QPSO,10.33,10.33,QPSO
961,68653,20,5,117.2,8.5,uniform,41,44,13.11,13.11,13.11,529.54,34.6,100.0,15.06,15.06,15.06,623.1,23.71,100.0,19.0,19.0,19.0,793.59,0.01,100.0,12.98,12.98,QPSO,31.03,31.03,QPSO
962,12112,15,5,90.1,13.0,uniform,37,42,13.1,13.1,13.1,473.25,32.96,100.0,13.52,13.52,13.52,505.03,32.9,100.0,17.12,17.12,17.12,673.04,0.01,100.0,3.12,3.12,QPSO,23.48,23.48,QPSO
963,87530,20,5,115.1,18.0,incident,41,58,16.05,16.05,16.05,648.2,53.23,100.0,17.4,17.4,17.4,747.57,28.75,100.0,17.74,17.74,17.74,726.38,0.01,100.0,7.77,7.77,QPSO,9.52,9.52,QPSO
964,55959,16,5,106.1,9.0,uniform,33,73,14.31,14.31,14.31,552.89,35.46,100.0,16.43,16.43,16.43,690.31,34.17,100.0,20.76,20.76,20.76,808.67,0.05,100.0,12.94,12.94,QPSO,31.08,31.08,QPSO
965,81006,12,4,92.3,17.5,incident,44,68,11.57,11.57,11.57,496.35,39.95,100.0,10.86,10.86,10.86,493.41,29.87,100.0,16.18,16.18,16.18,705.0,0.01,100.0,-6.6,-6.6,Classical PSO,28.48,28.48,QPSO
966,92418,15,5,108.8,8.0,uniform,42,61,10.63,10.63,10.63,405.61,30.31,100.0,9.96,9.96,9.96,360.71,26.78,100.0,11.25,11.25,11.25,443.55,0.01,100.0,-6.71,-6.71,Classical PSO,5.5,5.5,QPSO
967,52117,12,5,80.7,17.5,rush_hour,45,50,10.7,10.7,10.7,419.55,22.5,100.0,10.7,10.7,10.7,419.55,19.06,100.0,12.66,12.66,12.66,523.77,0.0,100.0,0.0,0.0,Tie,15.47,15.47,QPSO
968,4069,10,5,82.1,18.0,rush_hour,41,47,9.03,9.03,9.03,360.66,14.48,100.0,9.01,9.01,9.01,359.4,14.25,100.0,10.81,10.81,10.81,431.82,0.01,100.0,-0.28,-0.28,Classical PSO,16.43,16.43,QPSO
969,96942,10,5,83.0,8.0,uniform,45,47,11.18,11.18,11.18,462.1,24.23,100.0,11.6,11.6,11.6,475.63,19.09,100.0,12.31,12.31,12.31,535.32,0.4,100.0,3.63,3.63,QPSO,9.19,9.19,QPSO
970,59816,14,4,92.7,18.0,incident,43,80,11.07,11.07,11.07,495.3,32.71,100.0,12.51,12.51,12.51,599.92,30.04,100.0,13.51,13.51,13.51,561.33,0.01,100.0,11.53,11.53,QPSO,18.07,18.07,QPSO
971,88231,18,6,87.5,18.0,incident,43,48,17.02,17.02,17.02,644.19,29.62,100.0,18.88,18.88,18.88,748.38,19.4,100.0,21.64,21.64,21.64,912.87,0.01,100.0,9.83,9.83,QPSO,21.35,21.35,QPSO
972,94631,16,6,75.3,9.0,rush_hour,28,49,24.13,24.13,24.13,620.8,23.31,100.0,25.64,25.64,25.64,656.38,17.1,100.0,28.01,28.01,28.01,687.68,0.01,100.0,5.87,5.87,QPSO,13.83,13.83,QPSO
973,94276,16,6,74.1,13.0,uniform,40,53,13.75,13.75,13.75,586.39,21.63,100.0,13.92,13.92,13.92,588.14,18.95,100.0,16.17,16.17,16.17,690.33,0.01,100.0,1.22,1.22,QPSO,14.97,14.97,QPSO
974,59479,11,4,103.8,17.5,incident,41,65,7.95,7.95,7.95,315.56,22.98,100.0,8.29,8.29,8.29,333.99,25.98,100.0,11.96,11.96,11.96,452.22,0.01,100.0,4.04,4.04,QPSO,33.48,33.48,QPSO
975,35562,19,5,101.8,18.0,rush_hour,38,50,15.78,15.78,15.78,663.02,27.09,100.0,18.45,18.45,18.45,748.23,12.59,100.0,21.1,21.1,21.1,912.87,0.06,100.0,14.46,14.46,QPSO,25.21,25.21,QPSO
976,19919,18,5,94.2,8.5,incident,41,73,14.08,14.08,14.08,623.15,36.62,100.0,15.54,15.54,15.54,705.05,18.81,100.0,16.99,16.99,16.99,733.69,0.01,100.0,9.34,9.34,QPSO,17.1,17.1,QPSO
977,16474,13,4,93.7,17.5,rush_hour,28,78,9.5,9.5,9.5,394.96,32.11,100.0,10.34,10.34,10.34,445.21,18.79,100.0,16.43,16.43,16.43,680.13,0.01,100.0,8.1,8.1,QPSO,42.19,42.19,QPSO
978,54558,11,5,88.5,8.0,incident,29,47,8.47,8.47,8.47,342.15,22.31,100.0,8.49,8.49,8.49,348.67,18.15,100.0,13.02,13.02,13.02,569.01,0.01,100.0,0.26,0.26,QPSO,34.94,34.94,QPSO
979,49688,14,5,85.2,8.0,uniform,29,77,12.96,12.96,12.96,578.31,32.22,100.0,14.6,14.6,14.6,619.73,28.7,100.0,17.43,17.43,17.43,715.06,0.01,100.0,11.2,11.2,QPSO,25.61,25.61,QPSO
980,56280,10,3,114.5,8.5,incident,40,40,9.13,9.13,9.13,376.33,14.23,100.0,10.86,10.86,10.86,442.23,11.98,100.0,9.5,9.5,9.5,409.89,0.0,100.0,15.93,15.93,QPSO,3.89,3.89,QPSO
981,17033,18,7,73.4,13.0,rush_hour,43,59,21.26,21.26,21.26,935.34,66.62,100.0,22.19,22.19,22.19,959.37,24.89,100.0,25.52,25.52,25.52,1025.24,0.01,100.0,4.2,4.2,QPSO,16.7,16.7,QPSO
982,75155,17,5,109.1,18.0,incident,29,48,13.9,13.9,13.9,523.3,37.98,100.0,14.31,14.31,14.31,558.32,21.05,100.0,19.84,19.84,19.84,770.35,0.03,100.0,2.86,2.86,QPSO,29.95,29.95,QPSO
983,67160,20,5,108.1,8.5,incident,35,45,16.31,16.31,16.31,598.95,32.3,100.0,19.83,19.83,19.83,813.38,29.29,100.0,22.77,22.77,22.77,901.82,0.01,100.0,17.72,17.72,QPSO,28.37,28.37,QPSO
984,82889,20,6,89.4,9.0,incident,26,68,16.5,16.5,16.5,728.15,43.33,100.0,17.54,17.54,17.54,780.32,20.19,100.0,23.85,23.85,23.85,1023.28,0.41,100.0,5.9,5.9,QPSO,30.82,30.82,QPSO
985,97457,14,4,113.3,17.5,incident,34,75,10.13,10.13,10.13,397.5,39.65,100.0,10.45,10.45,10.45,420.29,33.46,100.0,13.36,13.36,13.36,548.47,0.01,100.0,3.03,3.03,QPSO,24.17,24.17,QPSO
986,85562,11,4,79.6,17.5,incident,31,70,11.72,11.72,11.72,456.31,26.72,100.0,12.15,12.15,12.15,477.32,28.54,100.0,14.33,14.33,14.33,553.06,0.0,100.0,3.52,3.52,QPSO,18.21,18.21,QPSO
987,66881,10,5,102.9,8.5,uniform,33,53,10.08,10.08,10.08,453.9,15.36,100.0,10.08,10.08,10.08,453.9,19.17,100.0,12.8,12.8,12.8,511.0,0.01,100.0,-0.0,0.0,Tie,21.3,21.3,QPSO
988,33150,19,7,74.2,13.0,incident,26,71,17.09,17.09,17.09,696.48,58.07,100.0,18.1,18.1,18.1,736.34,19.24,100.0,17.66,17.66,17.66,743.99,0.01,100.0,5.61,5.61,QPSO,3.24,3.24,QPSO
989,4049,15,5,79.0,17.5,rush_hour,37,56,15.82,15.82,15.82,634.35,30.67,100.0,16.08,16.08,16.08,650.4,14.44,100.0,19.44,19.44,19.44,757.37,0.01,100.0,1.66,1.66,QPSO,18.62,18.62,QPSO
990,12930,11,4,97.1,8.5,uniform,33,45,10.89,10.89,10.89,368.12,21.8,100.0,10.89,10.89,10.89,368.12,18.61,100.0,12.95,12.95,12.95,457.89,0.08,100.0,0.0,-0.0,Tie,15.96,15.96,QPSO
991,21214,14,4,103.9,17.5,rush_hour,30,41,15.46,15.46,15.46,635.03,21.3,100.0,15.37,15.37,15.37,708.53,12.14,100.0,18.69,18.69,18.69,836.6,0.01,100.0,-0.56,-0.56,Classical PSO,17.29,17.29,QPSO
992,94493,10,4,89.5,8.5,rush_hour,35,56,15.46,15.46,15.46,429.66,23.26,100.0,15.46,15.46,15.46,429.66,14.43,100.0,19.36,19.36,19.36,493.45,0.01,100.0,0.0,0.0,Tie,20.16,20.16,QPSO
993,50219,11,4,80.1,13.0,incident,41,64,10.33,10.33,10.33,411.68,23.71,100.0,10.49,10.49,10.49,388.61,19.29,100.0,10.77,10.77,10.77,396.13,0.01,100.0,1.59,1.59,QPSO,4.08,4.08,QPSO
994,16083,14,5,85.9,8.0,rush_hour,25,66,22.36,22.36,22.36,563.67,24.23,100.0,22.38,22.38,22.38,591.79,18.85,100.0,22.94,22.94,22.94,584.48,0.01,100.0,0.06,0.06,QPSO,2.5,2.5,QPSO
995,84039,13,4,83.5,8.5,incident,45,48,14.2,14.2,14.2,459.29,18.98,100.0,14.2,14.2,14.2,459.29,15.76,100.0,17.46,17.46,17.46,701.42,0.01,100.0,-0.0,0.0,Tie,18.71,18.71,QPSO
996,40926,19,6,92.3,8.5,rush_hour,42,50,26.43,26.43,26.43,780.92,28.77,100.0,31.29,31.29,31.29,928.19,17.43,100.0,28.44,28.44,28.44,791.09,0.01,100.0,15.55,15.55,QPSO,7.08,7.08,QPSO
997,33133,18,5,118.1,8.0,uniform,39,79,12.1,12.1,12.1,558.88,41.24,100.0,15.73,15.73,15.73,655.11,23.31,100.0,16.21,16.21,16.21,710.86,0.01,100.0,23.05,23.05,QPSO,25.35,25.35,QPSO
998,38912,20,8,70.0,9.0,incident,33,64,19.2,19.2,19.2,745.01,36.61,100.0,19.37,19.37,19.37,724.66,28.27,100.0,23.97,23.97,23.97,969.35,0.01,100.0,0.85,0.85,QPSO,19.91,19.91,QPSO
999,47061,20,6,99.3,8.0,uniform,42,76,15.94,15.94,15.94,639.58,40.39,100.0,18.45,18.45,18.45,742.76,25.8,100.0,21.46,21.46,21.46,860.62,0.01,100.0,13.56,13.56,QPSO,25.69,25.69,QPSO
1000,10166,14,4,89.8,8.5,incident,42,57,12.99,12.99,12.99,509.46,20.65,100.0,11.95,11.95,11.95,463.44,13.37,100.0,14.85,14.85,14.85,589.32,0.04,100.0,-8.76,-8.76,Classical PSO,12.5,12.5,QPSO
